web-scraper-order,web-scraper-start-url,nome ciurma,nome ciurma-href,membri della ciurma
"1649601447-242","https://onepiece.fandom.com/it/wiki/Lista_di_personaggi_di_One_Piece","Pirati del Sole","https://onepiece.fandom.com/it/wiki/Pirati_del_Sole","Charlotte Praline"
"1649601439-77","https://onepiece.fandom.com/it/wiki/Lista_di_personaggi_di_One_Piece","Marina","https://onepiece.fandom.com/it/wiki/Marina","Yamakaji"
"1649601484-560","https://onepiece.fandom.com/it/wiki/Lista_di_personaggi_di_One_Piece","Nove foderi rossi","https://onepiece.fandom.com/it/wiki/Nove_foderi_rossi","Ashura Doji"
"1649601431-46","https://onepiece.fandom.com/it/wiki/Lista_di_personaggi_di_One_Piece","Germa 66","https://onepiece.fandom.com/it/wiki/Germa_66","Vinsmoke Ichiji"
"1649601462-391","https://onepiece.fandom.com/it/wiki/Lista_di_personaggi_di_One_Piece","Pirati di Big Mom","https://onepiece.fandom.com/it/wiki/Pirati_di_Big_Mom","Charlotte Smoothie"
"1649601456-309","https://onepiece.fandom.com/it/wiki/Lista_di_personaggi_di_One_Piece","Pirati del Rosso","https://onepiece.fandom.com/it/wiki/Pirati_del_Rosso","Lucky Lou"
"1649601462-445","https://onepiece.fandom.com/it/wiki/Lista_di_personaggi_di_One_Piece","Pirati di Big Mom","https://onepiece.fandom.com/it/wiki/Pirati_di_Big_Mom","Charlotte Kato"
"1649601439-68","https://onepiece.fandom.com/it/wiki/Lista_di_personaggi_di_One_Piece","Marina","https://onepiece.fandom.com/it/wiki/Marina","Ryokugyu"
"1649601459-386","https://onepiece.fandom.com/it/wiki/Lista_di_personaggi_di_One_Piece","Pirati delle cento bestie","https://onepiece.fandom.com/it/wiki/Pirati_delle_cento_bestie","Sugamichi"
"1649601439-95","https://onepiece.fandom.com/it/wiki/Lista_di_personaggi_di_One_Piece","Marina","https://onepiece.fandom.com/it/wiki/Marina","Kadal"
"1649601486-570","https://onepiece.fandom.com/it/wiki/Lista_di_personaggi_di_One_Piece","Pirati Heart","https://onepiece.fandom.com/it/wiki/Pirati_Heart","Spugna"
"1649601439-172","https://onepiece.fandom.com/it/wiki/Lista_di_personaggi_di_One_Piece","Marina","https://onepiece.fandom.com/it/wiki/Marina","Bukau"
"1649601450-262","https://onepiece.fandom.com/it/wiki/Lista_di_personaggi_di_One_Piece","Pirati di Thriller Bark","https://onepiece.fandom.com/it/wiki/Pirati_di_Thriller_Bark","Kumacy"
"1649601439-113","https://onepiece.fandom.com/it/wiki/Lista_di_personaggi_di_One_Piece","Marina","https://onepiece.fandom.com/it/wiki/Marina","Hermeppo"
"1649601445-240","https://onepiece.fandom.com/it/wiki/Lista_di_personaggi_di_One_Piece","Armata rivoluzionaria","https://onepiece.fandom.com/it/wiki/Armata_rivoluzionaria","Raise Max"
"1649601462-473","https://onepiece.fandom.com/it/wiki/Lista_di_personaggi_di_One_Piece","Pirati di Big Mom","https://onepiece.fandom.com/it/wiki/Pirati_di_Big_Mom","Pekoms"
"1649601447-244","https://onepiece.fandom.com/it/wiki/Lista_di_personaggi_di_One_Piece","Pirati del Sole","https://onepiece.fandom.com/it/wiki/Pirati_del_Sole","Fisher Tiger"
"1649601459-324","https://onepiece.fandom.com/it/wiki/Lista_di_personaggi_di_One_Piece","Pirati delle cento bestie","https://onepiece.fandom.com/it/wiki/Pirati_delle_cento_bestie","Sasaki"
"1649601470-510","https://onepiece.fandom.com/it/wiki/Lista_di_personaggi_di_One_Piece","Pirati di Ideo","https://onepiece.fandom.com/it/wiki/Pirati_di_Ideo","Blue Gilly"
"1649601436-52","https://onepiece.fandom.com/it/wiki/Lista_di_personaggi_di_One_Piece","Galley-La company","https://onepiece.fandom.com/it/wiki/Galley-La_company","Pauly"
"1649601472-515","https://onepiece.fandom.com/it/wiki/Lista_di_personaggi_di_One_Piece","Naviglio degli otto tesori","https://onepiece.fandom.com/it/wiki/Naviglio_degli_otto_tesori","Baby 5"
"1649601468-491","https://onepiece.fandom.com/it/wiki/Lista_di_personaggi_di_One_Piece","Pirati Tontatta","https://onepiece.fandom.com/it/wiki/Pirati_Tontatta","Leo"
"1649601447-243","https://onepiece.fandom.com/it/wiki/Lista_di_personaggi_di_One_Piece","Pirati del Sole","https://onepiece.fandom.com/it/wiki/Pirati_del_Sole","Wadatsumi"
"1649601466-490","https://onepiece.fandom.com/it/wiki/Lista_di_personaggi_di_One_Piece","Nuovi pirati giganti guerrieri","https://onepiece.fandom.com/it/wiki/Nuovi_pirati_giganti_guerrieri","Gerth"
"1649601459-373","https://onepiece.fandom.com/it/wiki/Lista_di_personaggi_di_One_Piece","Pirati delle cento bestie","https://onepiece.fandom.com/it/wiki/Pirati_delle_cento_bestie","Uwattsura"
"1649601462-475","https://onepiece.fandom.com/it/wiki/Lista_di_personaggi_di_One_Piece","Pirati di Big Mom","https://onepiece.fandom.com/it/wiki/Pirati_di_Big_Mom","Diesel"
"1649601439-183","https://onepiece.fandom.com/it/wiki/Lista_di_personaggi_di_One_Piece","Marina","https://onepiece.fandom.com/it/wiki/Marina","Horo"
"1649601462-480","https://onepiece.fandom.com/it/wiki/Lista_di_personaggi_di_One_Piece","Pirati di Big Mom","https://onepiece.fandom.com/it/wiki/Pirati_di_Big_Mom","King Baum"
"1649601454-304","https://onepiece.fandom.com/it/wiki/Lista_di_personaggi_di_One_Piece","Pirati di Barbanera","https://onepiece.fandom.com/it/wiki/Pirati_di_Barbanera","Tori"
"1649601479-522","https://onepiece.fandom.com/it/wiki/Lista_di_personaggi_di_One_Piece","Pirati di Kidd","https://onepiece.fandom.com/it/wiki/Pirati_di_Kidd","Eustass Kidd"
"1649601468-495","https://onepiece.fandom.com/it/wiki/Lista_di_personaggi_di_One_Piece","Pirati Tontatta","https://onepiece.fandom.com/it/wiki/Pirati_Tontatta","Kab"
"1649601464-484","https://onepiece.fandom.com/it/wiki/Lista_di_personaggi_di_One_Piece","Grande flotta Yonta Maria","https://onepiece.fandom.com/it/wiki/Grande_flotta_Yonta_Maria","Orlumbus"
"1649601462-446","https://onepiece.fandom.com/it/wiki/Lista_di_personaggi_di_One_Piece","Pirati di Big Mom","https://onepiece.fandom.com/it/wiki/Pirati_di_Big_Mom","Charlotte Montb"
"1649601462-479","https://onepiece.fandom.com/it/wiki/Lista_di_personaggi_di_One_Piece","Pirati di Big Mom","https://onepiece.fandom.com/it/wiki/Pirati_di_Big_Mom","Randolph"
"1649601447-253","https://onepiece.fandom.com/it/wiki/Lista_di_personaggi_di_One_Piece","Pirati del Sole","https://onepiece.fandom.com/it/wiki/Pirati_del_Sole","Gallo"
"1649601486-568","https://onepiece.fandom.com/it/wiki/Lista_di_personaggi_di_One_Piece","Pirati Heart","https://onepiece.fandom.com/it/wiki/Pirati_Heart","Narvalo"
"1649601439-186","https://onepiece.fandom.com/it/wiki/Lista_di_personaggi_di_One_Piece","Marina","https://onepiece.fandom.com/it/wiki/Marina","Needless"
"1649601479-526","https://onepiece.fandom.com/it/wiki/Lista_di_personaggi_di_One_Piece","Pirati di Kidd","https://onepiece.fandom.com/it/wiki/Pirati_di_Kidd","Bubblegum"
"1649601481-548","https://onepiece.fandom.com/it/wiki/Lista_di_personaggi_di_One_Piece","Abitanti di Zo","https://onepiece.fandom.com/it/wiki/Zo","Yomo"
"1649601450-278","https://onepiece.fandom.com/it/wiki/Lista_di_personaggi_di_One_Piece","Pirati di Thriller Bark","https://onepiece.fandom.com/it/wiki/Pirati_di_Thriller_Bark","Zerbinorso"
"1649601459-368","https://onepiece.fandom.com/it/wiki/Lista_di_personaggi_di_One_Piece","Pirati delle cento bestie","https://onepiece.fandom.com/it/wiki/Pirati_delle_cento_bestie","Donannoyo"
"1649601472-516","https://onepiece.fandom.com/it/wiki/Lista_di_personaggi_di_One_Piece","Naviglio degli otto tesori","https://onepiece.fandom.com/it/wiki/Naviglio_degli_otto_tesori","Chinjao"
"1649601459-357","https://onepiece.fandom.com/it/wiki/Lista_di_personaggi_di_One_Piece","Pirati delle cento bestie","https://onepiece.fandom.com/it/wiki/Pirati_delle_cento_bestie","Dachoman"
"1649601481-544","https://onepiece.fandom.com/it/wiki/Lista_di_personaggi_di_One_Piece","Abitanti di Zo","https://onepiece.fandom.com/it/wiki/Zo","Sicilian"
"1649601462-400","https://onepiece.fandom.com/it/wiki/Lista_di_personaggi_di_One_Piece","Pirati di Big Mom","https://onepiece.fandom.com/it/wiki/Pirati_di_Big_Mom","Charlotte Effilée‎‎"
"1649601439-85","https://onepiece.fandom.com/it/wiki/Lista_di_personaggi_di_One_Piece","Marina","https://onepiece.fandom.com/it/wiki/Marina","Cancer"
"1649601466-489","https://onepiece.fandom.com/it/wiki/Lista_di_personaggi_di_One_Piece","Nuovi pirati giganti guerrieri","https://onepiece.fandom.com/it/wiki/Nuovi_pirati_giganti_guerrieri","Goldberg"
"1649601486-564","https://onepiece.fandom.com/it/wiki/Lista_di_personaggi_di_One_Piece","Pirati Heart","https://onepiece.fandom.com/it/wiki/Pirati_Heart","Bepo"
"1649601462-412","https://onepiece.fandom.com/it/wiki/Lista_di_personaggi_di_One_Piece","Pirati di Big Mom","https://onepiece.fandom.com/it/wiki/Pirati_di_Big_Mom","Charlotte Cornstarch"
"1649601450-266","https://onepiece.fandom.com/it/wiki/Lista_di_personaggi_di_One_Piece","Pirati di Thriller Bark","https://onepiece.fandom.com/it/wiki/Pirati_di_Thriller_Bark","Odr"
"1649601481-531","https://onepiece.fandom.com/it/wiki/Lista_di_personaggi_di_One_Piece","Abitanti di Zo","https://onepiece.fandom.com/it/wiki/Zo","Black Back"
"1649601462-401","https://onepiece.fandom.com/it/wiki/Lista_di_personaggi_di_One_Piece","Pirati di Big Mom","https://onepiece.fandom.com/it/wiki/Pirati_di_Big_Mom","Charlotte Opera"
"1649601436-55","https://onepiece.fandom.com/it/wiki/Lista_di_personaggi_di_One_Piece","Galley-La company","https://onepiece.fandom.com/it/wiki/Galley-La_company","Tirannosauro"
"1649601439-175","https://onepiece.fandom.com/it/wiki/Lista_di_personaggi_di_One_Piece","Marina","https://onepiece.fandom.com/it/wiki/Marina","Boo Kong"
"1649601439-86","https://onepiece.fandom.com/it/wiki/Lista_di_personaggi_di_One_Piece","Marina","https://onepiece.fandom.com/it/wiki/Marina","Bastille"
"1649601439-142","https://onepiece.fandom.com/it/wiki/Lista_di_personaggi_di_One_Piece","Marina","https://onepiece.fandom.com/it/wiki/Marina","Hagwor D. Sauro"
"1649601462-443","https://onepiece.fandom.com/it/wiki/Lista_di_personaggi_di_One_Piece","Pirati di Big Mom","https://onepiece.fandom.com/it/wiki/Pirati_di_Big_Mom","Charlotte Joconde"
"1649601439-194","https://onepiece.fandom.com/it/wiki/Lista_di_personaggi_di_One_Piece","Marina","https://onepiece.fandom.com/it/wiki/Marina","Billy"
"1649601488-575","https://onepiece.fandom.com/it/wiki/Lista_di_personaggi_di_One_Piece","Pirati di Cappello di paglia","https://onepiece.fandom.com/it/wiki/Pirati_di_Cappello_di_paglia","Vinsmoke Sanji"
"1649601450-255","https://onepiece.fandom.com/it/wiki/Lista_di_personaggi_di_One_Piece","Pirati di Thriller Bark","https://onepiece.fandom.com/it/wiki/Pirati_di_Thriller_Bark","Gekko Moria"
"1649601441-208","https://onepiece.fandom.com/it/wiki/Lista_di_personaggi_di_One_Piece","CP9","https://onepiece.fandom.com/it/wiki/CP9","Hattori"
"1649601475-517","https://onepiece.fandom.com/it/wiki/Lista_di_personaggi_di_One_Piece","Pirati Barto club","https://onepiece.fandom.com/it/wiki/Pirati_Barto_club","Bartolomeo"
"1649601436-51","https://onepiece.fandom.com/it/wiki/Lista_di_personaggi_di_One_Piece","Galley-La company","https://onepiece.fandom.com/it/wiki/Galley-La_company","Iceburg"
"1649601447-247","https://onepiece.fandom.com/it/wiki/Lista_di_personaggi_di_One_Piece","Pirati del Sole","https://onepiece.fandom.com/it/wiki/Pirati_del_Sole","Hacchan"
"1649601486-565","https://onepiece.fandom.com/it/wiki/Lista_di_personaggi_di_One_Piece","Pirati Heart","https://onepiece.fandom.com/it/wiki/Pirati_Heart","Penguin"
"1649601439-78","https://onepiece.fandom.com/it/wiki/Lista_di_personaggi_di_One_Piece","Marina","https://onepiece.fandom.com/it/wiki/Marina","Lacroix"
"1649601456-315","https://onepiece.fandom.com/it/wiki/Lista_di_personaggi_di_One_Piece","Pirati del Rosso","https://onepiece.fandom.com/it/wiki/Pirati_del_Rosso","Howling Gab"
"1649601459-339","https://onepiece.fandom.com/it/wiki/Lista_di_personaggi_di_One_Piece","Pirati delle cento bestie","https://onepiece.fandom.com/it/wiki/Pirati_delle_cento_bestie","Poker"
"1649601468-497","https://onepiece.fandom.com/it/wiki/Lista_di_personaggi_di_One_Piece","Pirati Tontatta","https://onepiece.fandom.com/it/wiki/Pirati_Tontatta","Bellini"
"1649601475-518","https://onepiece.fandom.com/it/wiki/Lista_di_personaggi_di_One_Piece","Pirati Barto club","https://onepiece.fandom.com/it/wiki/Pirati_Barto_club","Gambia"
"1649601443-214","https://onepiece.fandom.com/it/wiki/Lista_di_personaggi_di_One_Piece","Nobili mondiali","https://onepiece.fandom.com/it/wiki/Nobili_mondiali","????"
"1649601462-394","https://onepiece.fandom.com/it/wiki/Lista_di_personaggi_di_One_Piece","Pirati di Big Mom","https://onepiece.fandom.com/it/wiki/Pirati_di_Big_Mom","Charlotte Compote"
"1649601439-166","https://onepiece.fandom.com/it/wiki/Lista_di_personaggi_di_One_Piece","Marina","https://onepiece.fandom.com/it/wiki/Marina","Daddy Masterson"
"1649601439-87","https://onepiece.fandom.com/it/wiki/Lista_di_personaggi_di_One_Piece","Marina","https://onepiece.fandom.com/it/wiki/Marina","Maynard"
"1649601462-452","https://onepiece.fandom.com/it/wiki/Lista_di_personaggi_di_One_Piece","Pirati di Big Mom","https://onepiece.fandom.com/it/wiki/Pirati_di_Big_Mom","Charlotte Mascarpone"
"1649601439-181","https://onepiece.fandom.com/it/wiki/Lista_di_personaggi_di_One_Piece","Marina","https://onepiece.fandom.com/it/wiki/Marina","Kansho"
"1649601468-503","https://onepiece.fandom.com/it/wiki/Lista_di_personaggi_di_One_Piece","Pirati Tontatta","https://onepiece.fandom.com/it/wiki/Pirati_Tontatta","Eikon"
"1649601462-399","https://onepiece.fandom.com/it/wiki/Lista_di_personaggi_di_One_Piece","Pirati di Big Mom","https://onepiece.fandom.com/it/wiki/Pirati_di_Big_Mom","Charlotte Hachée"
"1649601445-238","https://onepiece.fandom.com/it/wiki/Lista_di_personaggi_di_One_Piece","Armata rivoluzionaria","https://onepiece.fandom.com/it/wiki/Armata_rivoluzionaria","Hack"
"1649601456-312","https://onepiece.fandom.com/it/wiki/Lista_di_personaggi_di_One_Piece","Pirati del Rosso","https://onepiece.fandom.com/it/wiki/Pirati_del_Rosso","Bonk Punch"
"1649601439-173","https://onepiece.fandom.com/it/wiki/Lista_di_personaggi_di_One_Piece","Marina","https://onepiece.fandom.com/it/wiki/Marina","Toma"
"1649601439-135","https://onepiece.fandom.com/it/wiki/Lista_di_personaggi_di_One_Piece","Marina","https://onepiece.fandom.com/it/wiki/Marina","Vegapunk"
"1649601439-102","https://onepiece.fandom.com/it/wiki/Lista_di_personaggi_di_One_Piece","Marina","https://onepiece.fandom.com/it/wiki/Marina","Pudding Pudding"
"1649601439-145","https://onepiece.fandom.com/it/wiki/Lista_di_personaggi_di_One_Piece","Marina","https://onepiece.fandom.com/it/wiki/Marina","Atacchi"
"1649601481-536","https://onepiece.fandom.com/it/wiki/Lista_di_personaggi_di_One_Piece","Abitanti di Zo","https://onepiece.fandom.com/it/wiki/Zo","Hitsugisukan"
"1649601434-49","https://onepiece.fandom.com/it/wiki/Lista_di_personaggi_di_One_Piece","Guerrieri di Ener","https://onepiece.fandom.com/it/wiki/Guerrieri_di_Ener","Ener"
"1649601436-64","https://onepiece.fandom.com/it/wiki/Lista_di_personaggi_di_One_Piece","Galley-La company","https://onepiece.fandom.com/it/wiki/Galley-La_company","Hattori"
"1649601468-502","https://onepiece.fandom.com/it/wiki/Lista_di_personaggi_di_One_Piece","Pirati Tontatta","https://onepiece.fandom.com/it/wiki/Pirati_Tontatta","Daicon"
"1649601439-131","https://onepiece.fandom.com/it/wiki/Lista_di_personaggi_di_One_Piece","Marina","https://onepiece.fandom.com/it/wiki/Marina","Bomba"
"1649601439-99","https://onepiece.fandom.com/it/wiki/Lista_di_personaggi_di_One_Piece","Marina","https://onepiece.fandom.com/it/wiki/Marina","Daigin"
"1649601439-118","https://onepiece.fandom.com/it/wiki/Lista_di_personaggi_di_One_Piece","Marina","https://onepiece.fandom.com/it/wiki/Marina","Stalker"
"1649601456-311","https://onepiece.fandom.com/it/wiki/Lista_di_personaggi_di_One_Piece","Pirati del Rosso","https://onepiece.fandom.com/it/wiki/Pirati_del_Rosso","Limejuice"
"1649601459-353","https://onepiece.fandom.com/it/wiki/Lista_di_personaggi_di_One_Piece","Pirati delle cento bestie","https://onepiece.fandom.com/it/wiki/Pirati_delle_cento_bestie","Juki"
"1649601484-556","https://onepiece.fandom.com/it/wiki/Lista_di_personaggi_di_One_Piece","Nove foderi rossi","https://onepiece.fandom.com/it/wiki/Nove_foderi_rossi","Raizo"
"1649601459-382","https://onepiece.fandom.com/it/wiki/Lista_di_personaggi_di_One_Piece","Pirati delle cento bestie","https://onepiece.fandom.com/it/wiki/Pirati_delle_cento_bestie","Raijin"
"1649601439-179","https://onepiece.fandom.com/it/wiki/Lista_di_personaggi_di_One_Piece","Marina","https://onepiece.fandom.com/it/wiki/Marina","Ryudo"
"1649601479-525","https://onepiece.fandom.com/it/wiki/Lista_di_personaggi_di_One_Piece","Pirati di Kidd","https://onepiece.fandom.com/it/wiki/Pirati_di_Kidd","Wire"
"1649601462-449","https://onepiece.fandom.com/it/wiki/Lista_di_personaggi_di_One_Piece","Pirati di Big Mom","https://onepiece.fandom.com/it/wiki/Pirati_di_Big_Mom","Charlotte Brownie"
"1649601462-436","https://onepiece.fandom.com/it/wiki/Lista_di_personaggi_di_One_Piece","Pirati di Big Mom","https://onepiece.fandom.com/it/wiki/Pirati_di_Big_Mom","Charlotte Dacquoise"
"1649601439-137","https://onepiece.fandom.com/it/wiki/Lista_di_personaggi_di_One_Piece","Marina","https://onepiece.fandom.com/it/wiki/Marina","Cuege"
"1649601450-259","https://onepiece.fandom.com/it/wiki/Lista_di_personaggi_di_One_Piece","Pirati di Thriller Bark","https://onepiece.fandom.com/it/wiki/Pirati_di_Thriller_Bark","Victoria Cindry"
"1649601466-488","https://onepiece.fandom.com/it/wiki/Lista_di_personaggi_di_One_Piece","Nuovi pirati giganti guerrieri","https://onepiece.fandom.com/it/wiki/Nuovi_pirati_giganti_guerrieri","Lord"
"1649601450-273","https://onepiece.fandom.com/it/wiki/Lista_di_personaggi_di_One_Piece","Pirati di Thriller Bark","https://onepiece.fandom.com/it/wiki/Pirati_di_Thriller_Bark","Risky"
"1649601439-152","https://onepiece.fandom.com/it/wiki/Lista_di_personaggi_di_One_Piece","Marina","https://onepiece.fandom.com/it/wiki/Marina","Yukimura"
"1649601447-252","https://onepiece.fandom.com/it/wiki/Lista_di_personaggi_di_One_Piece","Pirati del Sole","https://onepiece.fandom.com/it/wiki/Pirati_del_Sole","Macro"
"1649601439-187","https://onepiece.fandom.com/it/wiki/Lista_di_personaggi_di_One_Piece","Marina","https://onepiece.fandom.com/it/wiki/Marina","Ain"
"1649601450-271","https://onepiece.fandom.com/it/wiki/Lista_di_personaggi_di_One_Piece","Pirati di Thriller Bark","https://onepiece.fandom.com/it/wiki/Pirati_di_Thriller_Bark","McDonalbero"
"1649601459-319","https://onepiece.fandom.com/it/wiki/Lista_di_personaggi_di_One_Piece","Pirati delle cento bestie","https://onepiece.fandom.com/it/wiki/Pirati_delle_cento_bestie","Arbel"
"1649601479-529","https://onepiece.fandom.com/it/wiki/Lista_di_personaggi_di_One_Piece","Pirati di Kidd","https://onepiece.fandom.com/it/wiki/Pirati_di_Kidd","Pomp"
"1649601436-58","https://onepiece.fandom.com/it/wiki/Lista_di_personaggi_di_One_Piece","Galley-La company","https://onepiece.fandom.com/it/wiki/Galley-La_company","Tamagon"
"1649601459-367","https://onepiece.fandom.com/it/wiki/Lista_di_personaggi_di_One_Piece","Pirati delle cento bestie","https://onepiece.fandom.com/it/wiki/Pirati_delle_cento_bestie","Bearman"
"1649601439-71","https://onepiece.fandom.com/it/wiki/Lista_di_personaggi_di_One_Piece","Marina","https://onepiece.fandom.com/it/wiki/Marina","John Giant"
"1649601439-167","https://onepiece.fandom.com/it/wiki/Lista_di_personaggi_di_One_Piece","Marina","https://onepiece.fandom.com/it/wiki/Marina","Straight"
"1649601447-248","https://onepiece.fandom.com/it/wiki/Lista_di_personaggi_di_One_Piece","Pirati del Sole","https://onepiece.fandom.com/it/wiki/Pirati_del_Sole","Pciù"
"1649601447-245","https://onepiece.fandom.com/it/wiki/Lista_di_personaggi_di_One_Piece","Pirati del Sole","https://onepiece.fandom.com/it/wiki/Pirati_del_Sole","Jinbe"
"1649601439-69","https://onepiece.fandom.com/it/wiki/Lista_di_personaggi_di_One_Piece","Marina","https://onepiece.fandom.com/it/wiki/Marina","Monkey D. Garp"
"1649601439-193","https://onepiece.fandom.com/it/wiki/Lista_di_personaggi_di_One_Piece","Marina","https://onepiece.fandom.com/it/wiki/Marina","Shinpachi"
"1649601450-256","https://onepiece.fandom.com/it/wiki/Lista_di_personaggi_di_One_Piece","Pirati di Thriller Bark","https://onepiece.fandom.com/it/wiki/Pirati_di_Thriller_Bark","Hogback"
"1649601468-504","https://onepiece.fandom.com/it/wiki/Lista_di_personaggi_di_One_Piece","Pirati Tontatta","https://onepiece.fandom.com/it/wiki/Pirati_Tontatta","Flapper"
"1649601481-543","https://onepiece.fandom.com/it/wiki/Lista_di_personaggi_di_One_Piece","Abitanti di Zo","https://onepiece.fandom.com/it/wiki/Zo","Rody"
"1649601450-258","https://onepiece.fandom.com/it/wiki/Lista_di_personaggi_di_One_Piece","Pirati di Thriller Bark","https://onepiece.fandom.com/it/wiki/Pirati_di_Thriller_Bark","Perona"
"1649601439-169","https://onepiece.fandom.com/it/wiki/Lista_di_personaggi_di_One_Piece","Marina","https://onepiece.fandom.com/it/wiki/Marina","Isoka"
"1649601452-290","https://onepiece.fandom.com/it/wiki/Lista_di_personaggi_di_One_Piece","Piratesse Kuja","https://onepiece.fandom.com/it/wiki/Piratesse_Kuja","Salomè"
"1649601462-410","https://onepiece.fandom.com/it/wiki/Lista_di_personaggi_di_One_Piece","Pirati di Big Mom","https://onepiece.fandom.com/it/wiki/Pirati_di_Big_Mom","Charlotte Mash"
"1649601484-558","https://onepiece.fandom.com/it/wiki/Lista_di_personaggi_di_One_Piece","Nove foderi rossi","https://onepiece.fandom.com/it/wiki/Nove_foderi_rossi","Cane-tempesta"
"1649601462-472","https://onepiece.fandom.com/it/wiki/Lista_di_personaggi_di_One_Piece","Pirati di Big Mom","https://onepiece.fandom.com/it/wiki/Pirati_di_Big_Mom","Tamago"
"1649601486-569","https://onepiece.fandom.com/it/wiki/Lista_di_personaggi_di_One_Piece","Pirati Heart","https://onepiece.fandom.com/it/wiki/Pirati_Heart","Riccio di mare"
"1649601477-520","https://onepiece.fandom.com/it/wiki/Lista_di_personaggi_di_One_Piece","Pirati splendidi","https://onepiece.fandom.com/it/wiki/Pirati_splendidi","Suleiman"
"1649601486-563","https://onepiece.fandom.com/it/wiki/Lista_di_personaggi_di_One_Piece","Pirati Heart","https://onepiece.fandom.com/it/wiki/Pirati_Heart","Trafalgar D. Water Law"
"1649601462-481","https://onepiece.fandom.com/it/wiki/Lista_di_personaggi_di_One_Piece","Pirati di Big Mom","https://onepiece.fandom.com/it/wiki/Pirati_di_Big_Mom","Queen Mama Chanter"
"1649601462-439","https://onepiece.fandom.com/it/wiki/Lista_di_personaggi_di_One_Piece","Pirati di Big Mom","https://onepiece.fandom.com/it/wiki/Pirati_di_Big_Mom","Charlotte Myukuru"
"1649601452-281","https://onepiece.fandom.com/it/wiki/Lista_di_personaggi_di_One_Piece","Piratesse Kuja","https://onepiece.fandom.com/it/wiki/Piratesse_Kuja","Boa Marigold"
"1649601439-104","https://onepiece.fandom.com/it/wiki/Lista_di_personaggi_di_One_Piece","Marina","https://onepiece.fandom.com/it/wiki/Marina","Shu"
"1649601481-552","https://onepiece.fandom.com/it/wiki/Lista_di_personaggi_di_One_Piece","Abitanti di Zo","https://onepiece.fandom.com/it/wiki/Zo","Zepo"
"1649601450-264","https://onepiece.fandom.com/it/wiki/Lista_di_personaggi_di_One_Piece","Pirati di Thriller Bark","https://onepiece.fandom.com/it/wiki/Pirati_di_Thriller_Bark","Jigoro"
"1649601445-234","https://onepiece.fandom.com/it/wiki/Lista_di_personaggi_di_One_Piece","Armata rivoluzionaria","https://onepiece.fandom.com/it/wiki/Armata_rivoluzionaria","Ahiru"
"1649601439-82","https://onepiece.fandom.com/it/wiki/Lista_di_personaggi_di_One_Piece","Marina","https://onepiece.fandom.com/it/wiki/Marina","Dalmata"
"1649601459-329","https://onepiece.fandom.com/it/wiki/Lista_di_personaggi_di_One_Piece","Pirati delle cento bestie","https://onepiece.fandom.com/it/wiki/Pirati_delle_cento_bestie","Bao Huang"
"1649601456-313","https://onepiece.fandom.com/it/wiki/Lista_di_personaggi_di_One_Piece","Pirati del Rosso","https://onepiece.fandom.com/it/wiki/Pirati_del_Rosso","Building Snake"
"1649601450-268","https://onepiece.fandom.com/it/wiki/Lista_di_personaggi_di_One_Piece","Pirati di Thriller Bark","https://onepiece.fandom.com/it/wiki/Pirati_di_Thriller_Bark","Grunfchuck"
"1649601481-539","https://onepiece.fandom.com/it/wiki/Lista_di_personaggi_di_One_Piece","Abitanti di Zo","https://onepiece.fandom.com/it/wiki/Zo","Milky"
"1649601445-235","https://onepiece.fandom.com/it/wiki/Lista_di_personaggi_di_One_Piece","Armata rivoluzionaria","https://onepiece.fandom.com/it/wiki/Armata_rivoluzionaria","Koala"
"1649601439-160","https://onepiece.fandom.com/it/wiki/Lista_di_personaggi_di_One_Piece","Marina","https://onepiece.fandom.com/it/wiki/Marina","Hardy"
"1649601454-300","https://onepiece.fandom.com/it/wiki/Lista_di_personaggi_di_One_Piece","Pirati di Barbanera","https://onepiece.fandom.com/it/wiki/Pirati_di_Barbanera","Doc Q"
"1649601464-485","https://onepiece.fandom.com/it/wiki/Lista_di_personaggi_di_One_Piece","Grande flotta Yonta Maria","https://onepiece.fandom.com/it/wiki/Grande_flotta_Yonta_Maria","Columbus"
"1649601454-302","https://onepiece.fandom.com/it/wiki/Lista_di_personaggi_di_One_Piece","Pirati di Barbanera","https://onepiece.fandom.com/it/wiki/Pirati_di_Barbanera","Kikipatsu"
"1649601459-334","https://onepiece.fandom.com/it/wiki/Lista_di_personaggi_di_One_Piece","Pirati delle cento bestie","https://onepiece.fandom.com/it/wiki/Pirati_delle_cento_bestie","Fourtricks"
"1649601462-435","https://onepiece.fandom.com/it/wiki/Lista_di_personaggi_di_One_Piece","Pirati di Big Mom","https://onepiece.fandom.com/it/wiki/Pirati_di_Big_Mom","Charlotte Basans"
"1649601439-128","https://onepiece.fandom.com/it/wiki/Lista_di_personaggi_di_One_Piece","Marina","https://onepiece.fandom.com/it/wiki/Marina","Linz"
"1649601459-340","https://onepiece.fandom.com/it/wiki/Lista_di_personaggi_di_One_Piece","Pirati delle cento bestie","https://onepiece.fandom.com/it/wiki/Pirati_delle_cento_bestie","Scratchmen Apoo"
"1649601436-61","https://onepiece.fandom.com/it/wiki/Lista_di_personaggi_di_One_Piece","Galley-La company","https://onepiece.fandom.com/it/wiki/Galley-La_company","Rob Lucci"
"1649601481-553","https://onepiece.fandom.com/it/wiki/Lista_di_personaggi_di_One_Piece","Abitanti di Zo","https://onepiece.fandom.com/it/wiki/Zo","Pekoms"
"1649601459-380","https://onepiece.fandom.com/it/wiki/Lista_di_personaggi_di_One_Piece","Pirati delle cento bestie","https://onepiece.fandom.com/it/wiki/Pirati_delle_cento_bestie","Jigoku Benten"
"1649601443-219","https://onepiece.fandom.com/it/wiki/Lista_di_personaggi_di_One_Piece","Nobili mondiali","https://onepiece.fandom.com/it/wiki/Nobili_mondiali","Jalmack"
"1649601439-101","https://onepiece.fandom.com/it/wiki/Lista_di_personaggi_di_One_Piece","Marina","https://onepiece.fandom.com/it/wiki/Marina","Brandnew"
"1649601439-155","https://onepiece.fandom.com/it/wiki/Lista_di_personaggi_di_One_Piece","Marina","https://onepiece.fandom.com/it/wiki/Marina","Kibin"
"1649601462-428","https://onepiece.fandom.com/it/wiki/Lista_di_personaggi_di_One_Piece","Pirati di Big Mom","https://onepiece.fandom.com/it/wiki/Pirati_di_Big_Mom","Charlotte Prim"
"1649601462-474","https://onepiece.fandom.com/it/wiki/Lista_di_personaggi_di_One_Piece","Pirati di Big Mom","https://onepiece.fandom.com/it/wiki/Pirati_di_Big_Mom","Bobbin"
"1649601462-414","https://onepiece.fandom.com/it/wiki/Lista_di_personaggi_di_One_Piece","Pirati di Big Mom","https://onepiece.fandom.com/it/wiki/Pirati_di_Big_Mom","Charlotte Marnier"
"1649601462-455","https://onepiece.fandom.com/it/wiki/Lista_di_personaggi_di_One_Piece","Pirati di Big Mom","https://onepiece.fandom.com/it/wiki/Pirati_di_Big_Mom","Charlotte Newji"
"1649601450-263","https://onepiece.fandom.com/it/wiki/Lista_di_personaggi_di_One_Piece","Pirati di Thriller Bark","https://onepiece.fandom.com/it/wiki/Pirati_di_Thriller_Bark","Ryuma"
"1649601459-379","https://onepiece.fandom.com/it/wiki/Lista_di_personaggi_di_One_Piece","Pirati delle cento bestie","https://onepiece.fandom.com/it/wiki/Pirati_delle_cento_bestie","Hanzo"
"1649601447-246","https://onepiece.fandom.com/it/wiki/Lista_di_personaggi_di_One_Piece","Pirati del Sole","https://onepiece.fandom.com/it/wiki/Pirati_del_Sole","Arlong"
"1649601459-365","https://onepiece.fandom.com/it/wiki/Lista_di_personaggi_di_One_Piece","Pirati delle cento bestie","https://onepiece.fandom.com/it/wiki/Pirati_delle_cento_bestie","Tenjo-Sagari"
"1649601462-471","https://onepiece.fandom.com/it/wiki/Lista_di_personaggi_di_One_Piece","Pirati di Big Mom","https://onepiece.fandom.com/it/wiki/Pirati_di_Big_Mom","Streusen"
"1649601439-151","https://onepiece.fandom.com/it/wiki/Lista_di_personaggi_di_One_Piece","Marina","https://onepiece.fandom.com/it/wiki/Marina","Prodi"
"1649601481-532","https://onepiece.fandom.com/it/wiki/Lista_di_personaggi_di_One_Piece","Abitanti di Zo","https://onepiece.fandom.com/it/wiki/Zo","Cane-tempesta"
"1649601439-125","https://onepiece.fandom.com/it/wiki/Lista_di_personaggi_di_One_Piece","Marina","https://onepiece.fandom.com/it/wiki/Marina","Shine"
"1649601462-453","https://onepiece.fandom.com/it/wiki/Lista_di_personaggi_di_One_Piece","Pirati di Big Mom","https://onepiece.fandom.com/it/wiki/Pirati_di_Big_Mom","Charlotte Yuan"
"1649601462-457","https://onepiece.fandom.com/it/wiki/Lista_di_personaggi_di_One_Piece","Pirati di Big Mom","https://onepiece.fandom.com/it/wiki/Pirati_di_Big_Mom","Charlotte Newshi"
"1649601459-355","https://onepiece.fandom.com/it/wiki/Lista_di_personaggi_di_One_Piece","Pirati delle cento bestie","https://onepiece.fandom.com/it/wiki/Pirati_delle_cento_bestie","Batman"
"1649601439-72","https://onepiece.fandom.com/it/wiki/Lista_di_personaggi_di_One_Piece","Marina","https://onepiece.fandom.com/it/wiki/Marina","Comir"
"1649601459-344","https://onepiece.fandom.com/it/wiki/Lista_di_personaggi_di_One_Piece","Pirati delle cento bestie","https://onepiece.fandom.com/it/wiki/Pirati_delle_cento_bestie","Inbi"
"1649601436-63","https://onepiece.fandom.com/it/wiki/Lista_di_personaggi_di_One_Piece","Galley-La company","https://onepiece.fandom.com/it/wiki/Galley-La_company","Califa"
"1649601462-427","https://onepiece.fandom.com/it/wiki/Lista_di_personaggi_di_One_Piece","Pirati di Big Mom","https://onepiece.fandom.com/it/wiki/Pirati_di_Big_Mom","Charlotte Mont d'Or"
"1649601462-459","https://onepiece.fandom.com/it/wiki/Lista_di_personaggi_di_One_Piece","Pirati di Big Mom","https://onepiece.fandom.com/it/wiki/Pirati_di_Big_Mom","Charlotte Nutmeg"
"1649601459-381","https://onepiece.fandom.com/it/wiki/Lista_di_personaggi_di_One_Piece","Pirati delle cento bestie","https://onepiece.fandom.com/it/wiki/Pirati_delle_cento_bestie","Kazekage"
"1649601462-389","https://onepiece.fandom.com/it/wiki/Lista_di_personaggi_di_One_Piece","Pirati di Big Mom","https://onepiece.fandom.com/it/wiki/Pirati_di_Big_Mom","Charlotte LinLin"
"1649601470-511","https://onepiece.fandom.com/it/wiki/Lista_di_personaggi_di_One_Piece","Pirati di Ideo","https://onepiece.fandom.com/it/wiki/Pirati_di_Ideo","Abdullah"
"1649601481-533","https://onepiece.fandom.com/it/wiki/Lista_di_personaggi_di_One_Piece","Abitanti di Zo","https://onepiece.fandom.com/it/wiki/Zo","Carrot"
"1649601436-53","https://onepiece.fandom.com/it/wiki/Lista_di_personaggi_di_One_Piece","Galley-La company","https://onepiece.fandom.com/it/wiki/Galley-La_company","Peepley Lulu"
"1649601439-111","https://onepiece.fandom.com/it/wiki/Lista_di_personaggi_di_One_Piece","Marina","https://onepiece.fandom.com/it/wiki/Marina","Glove"
"1649601462-431","https://onepiece.fandom.com/it/wiki/Lista_di_personaggi_di_One_Piece","Pirati di Big Mom","https://onepiece.fandom.com/it/wiki/Pirati_di_Big_Mom","Charlotte Praline"
"1649601462-390","https://onepiece.fandom.com/it/wiki/Lista_di_personaggi_di_One_Piece","Pirati di Big Mom","https://onepiece.fandom.com/it/wiki/Pirati_di_Big_Mom","Charlotte Katakuri"
"1649601488-579","https://onepiece.fandom.com/it/wiki/Lista_di_personaggi_di_One_Piece","Pirati di Cappello di paglia","https://onepiece.fandom.com/it/wiki/Pirati_di_Cappello_di_paglia","Brook"
"1649601439-91","https://onepiece.fandom.com/it/wiki/Lista_di_personaggi_di_One_Piece","Marina","https://onepiece.fandom.com/it/wiki/Marina","Draw"
"1649601439-174","https://onepiece.fandom.com/it/wiki/Lista_di_personaggi_di_One_Piece","Marina","https://onepiece.fandom.com/it/wiki/Marina","Bismarck"
"1649601484-554","https://onepiece.fandom.com/it/wiki/Lista_di_personaggi_di_One_Piece","Nove foderi rossi","https://onepiece.fandom.com/it/wiki/Nove_foderi_rossi","Kin'emon"
"1649601488-573","https://onepiece.fandom.com/it/wiki/Lista_di_personaggi_di_One_Piece","Pirati di Cappello di paglia","https://onepiece.fandom.com/it/wiki/Pirati_di_Cappello_di_paglia","Nami"
"1649601481-535","https://onepiece.fandom.com/it/wiki/Lista_di_personaggi_di_One_Piece","Abitanti di Zo","https://onepiece.fandom.com/it/wiki/Zo","Giovanni"
"1649601459-321","https://onepiece.fandom.com/it/wiki/Lista_di_personaggi_di_One_Piece","Pirati delle cento bestie","https://onepiece.fandom.com/it/wiki/Pirati_delle_cento_bestie","Jack"
"1649601459-366","https://onepiece.fandom.com/it/wiki/Lista_di_personaggi_di_One_Piece","Pirati delle cento bestie","https://onepiece.fandom.com/it/wiki/Pirati_delle_cento_bestie","Wanyudo"
"1649601436-59","https://onepiece.fandom.com/it/wiki/Lista_di_personaggi_di_One_Piece","Galley-La company","https://onepiece.fandom.com/it/wiki/Galley-La_company","Sodoma"
"1649601462-420","https://onepiece.fandom.com/it/wiki/Lista_di_personaggi_di_One_Piece","Pirati di Big Mom","https://onepiece.fandom.com/it/wiki/Pirati_di_Big_Mom","Charlotte Noisette"
"1649601439-134","https://onepiece.fandom.com/it/wiki/Lista_di_personaggi_di_One_Piece","Marina","https://onepiece.fandom.com/it/wiki/Marina","Pike"
"1649601459-337","https://onepiece.fandom.com/it/wiki/Lista_di_personaggi_di_One_Piece","Pirati delle cento bestie","https://onepiece.fandom.com/it/wiki/Pirati_delle_cento_bestie","Holdem"
"1649601462-395","https://onepiece.fandom.com/it/wiki/Lista_di_personaggi_di_One_Piece","Pirati di Big Mom","https://onepiece.fandom.com/it/wiki/Pirati_di_Big_Mom","Charlotte Mondée"
"1649601462-397","https://onepiece.fandom.com/it/wiki/Lista_di_personaggi_di_One_Piece","Pirati di Big Mom","https://onepiece.fandom.com/it/wiki/Pirati_di_Big_Mom","Charlotte Oven"
"1649601439-89","https://onepiece.fandom.com/it/wiki/Lista_di_personaggi_di_One_Piece","Marina","https://onepiece.fandom.com/it/wiki/Marina","Tokikake"
"1649601462-440","https://onepiece.fandom.com/it/wiki/Lista_di_personaggi_di_One_Piece","Pirati di Big Mom","https://onepiece.fandom.com/it/wiki/Pirati_di_Big_Mom","Charlotte Maple"
"1649601459-354","https://onepiece.fandom.com/it/wiki/Lista_di_personaggi_di_One_Piece","Pirati delle cento bestie","https://onepiece.fandom.com/it/wiki/Pirati_delle_cento_bestie","Alpacaman"
"1649601445-239","https://onepiece.fandom.com/it/wiki/Lista_di_personaggi_di_One_Piece","Armata rivoluzionaria","https://onepiece.fandom.com/it/wiki/Armata_rivoluzionaria","Bunny Joe"
"1649601439-139","https://onepiece.fandom.com/it/wiki/Lista_di_personaggi_di_One_Piece","Marina","https://onepiece.fandom.com/it/wiki/Marina","Rica"
"1649601431-47","https://onepiece.fandom.com/it/wiki/Lista_di_personaggi_di_One_Piece","Germa 66","https://onepiece.fandom.com/it/wiki/Germa_66","Vinsmoke Niji"
"1649601477-521","https://onepiece.fandom.com/it/wiki/Lista_di_personaggi_di_One_Piece","Pirati splendidi","https://onepiece.fandom.com/it/wiki/Pirati_splendidi","Farul"
"1649601439-108","https://onepiece.fandom.com/it/wiki/Lista_di_personaggi_di_One_Piece","Marina","https://onepiece.fandom.com/it/wiki/Marina","Nezumi"
"1649601459-348","https://onepiece.fandom.com/it/wiki/Lista_di_personaggi_di_One_Piece","Pirati delle cento bestie","https://onepiece.fandom.com/it/wiki/Pirati_delle_cento_bestie","Goki"
"1649601462-393","https://onepiece.fandom.com/it/wiki/Lista_di_personaggi_di_One_Piece","Pirati di Big Mom","https://onepiece.fandom.com/it/wiki/Pirati_di_Big_Mom","Charlotte Perospero"
"1649601466-486","https://onepiece.fandom.com/it/wiki/Lista_di_personaggi_di_One_Piece","Nuovi pirati giganti guerrieri","https://onepiece.fandom.com/it/wiki/Nuovi_pirati_giganti_guerrieri","Hajrudin"
"1649601468-493","https://onepiece.fandom.com/it/wiki/Lista_di_personaggi_di_One_Piece","Pirati Tontatta","https://onepiece.fandom.com/it/wiki/Pirati_Tontatta","Lampo"
"1649601459-364","https://onepiece.fandom.com/it/wiki/Lista_di_personaggi_di_One_Piece","Pirati delle cento bestie","https://onepiece.fandom.com/it/wiki/Pirati_delle_cento_bestie","Snakeman"
"1649601439-90","https://onepiece.fandom.com/it/wiki/Lista_di_personaggi_di_One_Piece","Marina","https://onepiece.fandom.com/it/wiki/Marina","Tikiamy Kohsee"
"1649601439-73","https://onepiece.fandom.com/it/wiki/Lista_di_personaggi_di_One_Piece","Marina","https://onepiece.fandom.com/it/wiki/Marina","Momonga"
"1649601462-413","https://onepiece.fandom.com/it/wiki/Lista_di_personaggi_di_One_Piece","Pirati di Big Mom","https://onepiece.fandom.com/it/wiki/Pirati_di_Big_Mom","Charlotte Mozart"
"1649601441-198","https://onepiece.fandom.com/it/wiki/Lista_di_personaggi_di_One_Piece","CP9","https://onepiece.fandom.com/it/wiki/CP9","Spandam"
"1649601441-201","https://onepiece.fandom.com/it/wiki/Lista_di_personaggi_di_One_Piece","CP9","https://onepiece.fandom.com/it/wiki/CP9","Kaku"
"1649601439-165","https://onepiece.fandom.com/it/wiki/Lista_di_personaggi_di_One_Piece","Marina","https://onepiece.fandom.com/it/wiki/Marina","Shimoi Zappa"
"1649601439-185","https://onepiece.fandom.com/it/wiki/Lista_di_personaggi_di_One_Piece","Marina","https://onepiece.fandom.com/it/wiki/Marina","Gaspardi"
"1649601445-233","https://onepiece.fandom.com/it/wiki/Lista_di_personaggi_di_One_Piece","Armata rivoluzionaria","https://onepiece.fandom.com/it/wiki/Armata_rivoluzionaria","Inazuma"
"1649601454-301","https://onepiece.fandom.com/it/wiki/Lista_di_personaggi_di_One_Piece","Pirati di Barbanera","https://onepiece.fandom.com/it/wiki/Pirati_di_Barbanera","Kuzan"
"1649601445-236","https://onepiece.fandom.com/it/wiki/Lista_di_personaggi_di_One_Piece","Armata rivoluzionaria","https://onepiece.fandom.com/it/wiki/Armata_rivoluzionaria","Terry Guilteo"
"1649601447-250","https://onepiece.fandom.com/it/wiki/Lista_di_personaggi_di_One_Piece","Pirati del Sole","https://onepiece.fandom.com/it/wiki/Pirati_del_Sole","Kaneshiro"
"1649601462-407","https://onepiece.fandom.com/it/wiki/Lista_di_personaggi_di_One_Piece","Pirati di Big Mom","https://onepiece.fandom.com/it/wiki/Pirati_di_Big_Mom","Charlotte Angel"
"1649601439-189","https://onepiece.fandom.com/it/wiki/Lista_di_personaggi_di_One_Piece","Marina","https://onepiece.fandom.com/it/wiki/Marina","Shuzo"
"1649601450-261","https://onepiece.fandom.com/it/wiki/Lista_di_personaggi_di_One_Piece","Pirati di Thriller Bark","https://onepiece.fandom.com/it/wiki/Pirati_di_Thriller_Bark","Laura"
"1649601462-454","https://onepiece.fandom.com/it/wiki/Lista_di_personaggi_di_One_Piece","Pirati di Big Mom","https://onepiece.fandom.com/it/wiki/Pirati_di_Big_Mom","Charlotte Newichi"
"1649601459-360","https://onepiece.fandom.com/it/wiki/Lista_di_personaggi_di_One_Piece","Pirati delle cento bestie","https://onepiece.fandom.com/it/wiki/Pirati_delle_cento_bestie","Mouseman"
"1649601452-283","https://onepiece.fandom.com/it/wiki/Lista_di_personaggi_di_One_Piece","Piratesse Kuja","https://onepiece.fandom.com/it/wiki/Piratesse_Kuja","Daisy"
"1649601439-184","https://onepiece.fandom.com/it/wiki/Lista_di_personaggi_di_One_Piece","Marina","https://onepiece.fandom.com/it/wiki/Marina","Marron"
"1649601439-180","https://onepiece.fandom.com/it/wiki/Lista_di_personaggi_di_One_Piece","Marina","https://onepiece.fandom.com/it/wiki/Marina","Dojaku"
"1649601445-230","https://onepiece.fandom.com/it/wiki/Lista_di_personaggi_di_One_Piece","Armata rivoluzionaria","https://onepiece.fandom.com/it/wiki/Armata_rivoluzionaria","Karasu"
"1649601439-65","https://onepiece.fandom.com/it/wiki/Lista_di_personaggi_di_One_Piece","Marina","https://onepiece.fandom.com/it/wiki/Marina","Sakazuki"
"1649601456-314","https://onepiece.fandom.com/it/wiki/Lista_di_personaggi_di_One_Piece","Pirati del Rosso","https://onepiece.fandom.com/it/wiki/Pirati_del_Rosso","Hongo"
"1649601450-265","https://onepiece.fandom.com/it/wiki/Lista_di_personaggi_di_One_Piece","Pirati di Thriller Bark","https://onepiece.fandom.com/it/wiki/Pirati_di_Thriller_Bark","Inuppe"
"1649601445-231","https://onepiece.fandom.com/it/wiki/Lista_di_personaggi_di_One_Piece","Armata rivoluzionaria","https://onepiece.fandom.com/it/wiki/Armata_rivoluzionaria","Lindbergh"
"1649601462-432","https://onepiece.fandom.com/it/wiki/Lista_di_personaggi_di_One_Piece","Pirati di Big Mom","https://onepiece.fandom.com/it/wiki/Pirati_di_Big_Mom","Charlotte Saintmarc"
"1649601439-191","https://onepiece.fandom.com/it/wiki/Lista_di_personaggi_di_One_Piece","Marina","https://onepiece.fandom.com/it/wiki/Marina","Mekao"
"1649601439-188","https://onepiece.fandom.com/it/wiki/Lista_di_personaggi_di_One_Piece","Marina","https://onepiece.fandom.com/it/wiki/Marina","Binz"
"1649601439-143","https://onepiece.fandom.com/it/wiki/Lista_di_personaggi_di_One_Piece","Marina","https://onepiece.fandom.com/it/wiki/Marina","Morgan"
"1649601443-213","https://onepiece.fandom.com/it/wiki/Lista_di_personaggi_di_One_Piece","Nobili mondiali","https://onepiece.fandom.com/it/wiki/Nobili_mondiali","????"
"1649601436-54","https://onepiece.fandom.com/it/wiki/Lista_di_personaggi_di_One_Piece","Galley-La company","https://onepiece.fandom.com/it/wiki/Galley-La_company","Tilestone"
"1649601439-84","https://onepiece.fandom.com/it/wiki/Lista_di_personaggi_di_One_Piece","Marina","https://onepiece.fandom.com/it/wiki/Marina","Mozambia"
"1649601481-546","https://onepiece.fandom.com/it/wiki/Lista_di_personaggi_di_One_Piece","Abitanti di Zo","https://onepiece.fandom.com/it/wiki/Zo","Variete"
"1649601456-307","https://onepiece.fandom.com/it/wiki/Lista_di_personaggi_di_One_Piece","Pirati del Rosso","https://onepiece.fandom.com/it/wiki/Pirati_del_Rosso","Shanks"
"1649601441-207","https://onepiece.fandom.com/it/wiki/Lista_di_personaggi_di_One_Piece","CP9","https://onepiece.fandom.com/it/wiki/CP9","Nero"
"1649601452-284","https://onepiece.fandom.com/it/wiki/Lista_di_personaggi_di_One_Piece","Piratesse Kuja","https://onepiece.fandom.com/it/wiki/Piratesse_Kuja","Cosmos"
"1649601439-127","https://onepiece.fandom.com/it/wiki/Lista_di_personaggi_di_One_Piece","Marina","https://onepiece.fandom.com/it/wiki/Marina","Eccoilsole"
"1649601484-555","https://onepiece.fandom.com/it/wiki/Lista_di_personaggi_di_One_Piece","Nove foderi rossi","https://onepiece.fandom.com/it/wiki/Nove_foderi_rossi","Kurozumi Kanjuro"
"1649601462-442","https://onepiece.fandom.com/it/wiki/Lista_di_personaggi_di_One_Piece","Pirati di Big Mom","https://onepiece.fandom.com/it/wiki/Pirati_di_Big_Mom","Charlotte Kanten"
"1649601439-105","https://onepiece.fandom.com/it/wiki/Lista_di_personaggi_di_One_Piece","Marina","https://onepiece.fandom.com/it/wiki/Marina","Sharingle"
"1649601439-76","https://onepiece.fandom.com/it/wiki/Lista_di_personaggi_di_One_Piece","Marina","https://onepiece.fandom.com/it/wiki/Marina","Strawberry"
"1649601452-280","https://onepiece.fandom.com/it/wiki/Lista_di_personaggi_di_One_Piece","Piratesse Kuja","https://onepiece.fandom.com/it/wiki/Piratesse_Kuja","Boa Sandersonia"
"1649601439-164","https://onepiece.fandom.com/it/wiki/Lista_di_personaggi_di_One_Piece","Marina","https://onepiece.fandom.com/it/wiki/Marina","Ant De Bonham"
"1649601459-349","https://onepiece.fandom.com/it/wiki/Lista_di_personaggi_di_One_Piece","Pirati delle cento bestie","https://onepiece.fandom.com/it/wiki/Pirati_delle_cento_bestie","Rokki"
"1649601436-62","https://onepiece.fandom.com/it/wiki/Lista_di_personaggi_di_One_Piece","Galley-La company","https://onepiece.fandom.com/it/wiki/Galley-La_company","Kaku"
"1649601436-57","https://onepiece.fandom.com/it/wiki/Lista_di_personaggi_di_One_Piece","Galley-La company","https://onepiece.fandom.com/it/wiki/Galley-La_company","Kiev"
"1649601431-48","https://onepiece.fandom.com/it/wiki/Lista_di_personaggi_di_One_Piece","Germa 66","https://onepiece.fandom.com/it/wiki/Germa_66","Vinsmoke Yonji"
"1649601450-275","https://onepiece.fandom.com/it/wiki/Lista_di_personaggi_di_One_Piece","Pirati di Thriller Bark","https://onepiece.fandom.com/it/wiki/Pirati_di_Thriller_Bark","Nin"
"1649601470-512","https://onepiece.fandom.com/it/wiki/Lista_di_personaggi_di_One_Piece","Pirati di Ideo","https://onepiece.fandom.com/it/wiki/Pirati_di_Ideo","Jeet"
"1649601462-433","https://onepiece.fandom.com/it/wiki/Lista_di_personaggi_di_One_Piece","Pirati di Big Mom","https://onepiece.fandom.com/it/wiki/Pirati_di_Big_Mom","Charlotte Chiffon"
"1649601439-103","https://onepiece.fandom.com/it/wiki/Lista_di_personaggi_di_One_Piece","Marina","https://onepiece.fandom.com/it/wiki/Marina","Verygood"
"1649601445-228","https://onepiece.fandom.com/it/wiki/Lista_di_personaggi_di_One_Piece","Armata rivoluzionaria","https://onepiece.fandom.com/it/wiki/Armata_rivoluzionaria","Emporio Ivankov"
"1649601468-508","https://onepiece.fandom.com/it/wiki/Lista_di_personaggi_di_One_Piece","Pirati Tontatta","https://onepiece.fandom.com/it/wiki/Pirati_Tontatta","Wicca"
"1649601462-462","https://onepiece.fandom.com/it/wiki/Lista_di_personaggi_di_One_Piece","Pirati di Big Mom","https://onepiece.fandom.com/it/wiki/Pirati_di_Big_Mom","Charlotte Harumeg"
"1649601488-577","https://onepiece.fandom.com/it/wiki/Lista_di_personaggi_di_One_Piece","Pirati di Cappello di paglia","https://onepiece.fandom.com/it/wiki/Pirati_di_Cappello_di_paglia","Nico Robin"
"1649601462-441","https://onepiece.fandom.com/it/wiki/Lista_di_personaggi_di_One_Piece","Pirati di Big Mom","https://onepiece.fandom.com/it/wiki/Pirati_di_Big_Mom","Charlotte Bavarois"
"1649601459-370","https://onepiece.fandom.com/it/wiki/Lista_di_personaggi_di_One_Piece","Pirati delle cento bestie","https://onepiece.fandom.com/it/wiki/Pirati_delle_cento_bestie","Massui"
"1649601468-496","https://onepiece.fandom.com/it/wiki/Lista_di_personaggi_di_One_Piece","Pirati Tontatta","https://onepiece.fandom.com/it/wiki/Pirati_Tontatta","Bakscon"
"1649601436-60","https://onepiece.fandom.com/it/wiki/Lista_di_personaggi_di_One_Piece","Galley-La company","https://onepiece.fandom.com/it/wiki/Galley-La_company","Gomorra"
"1649601459-369","https://onepiece.fandom.com/it/wiki/Lista_di_personaggi_di_One_Piece","Pirati delle cento bestie","https://onepiece.fandom.com/it/wiki/Pirati_delle_cento_bestie","Ibiributsu"
"1649601441-206","https://onepiece.fandom.com/it/wiki/Lista_di_personaggi_di_One_Piece","CP9","https://onepiece.fandom.com/it/wiki/CP9","Califa"
"1649601434-50","https://onepiece.fandom.com/it/wiki/Lista_di_personaggi_di_One_Piece","Guerrieri di Ener","https://onepiece.fandom.com/it/wiki/Guerrieri_di_Ener","McKinley"
"1649601443-225","https://onepiece.fandom.com/it/wiki/Lista_di_personaggi_di_One_Piece","Nobili mondiali","https://onepiece.fandom.com/it/wiki/Nobili_mondiali","Camael"
"1649601459-345","https://onepiece.fandom.com/it/wiki/Lista_di_personaggi_di_One_Piece","Pirati delle cento bestie","https://onepiece.fandom.com/it/wiki/Pirati_delle_cento_bestie","Fuga"
"1649601462-478","https://onepiece.fandom.com/it/wiki/Lista_di_personaggi_di_One_Piece","Pirati di Big Mom","https://onepiece.fandom.com/it/wiki/Pirati_di_Big_Mom","Zeus"
"1649601439-136","https://onepiece.fandom.com/it/wiki/Lista_di_personaggi_di_One_Piece","Marina","https://onepiece.fandom.com/it/wiki/Marina","Fishbonen"
"1649601484-559","https://onepiece.fandom.com/it/wiki/Lista_di_personaggi_di_One_Piece","Nove foderi rossi","https://onepiece.fandom.com/it/wiki/Nove_foderi_rossi","Gatto-vipera"
"1649601481-545","https://onepiece.fandom.com/it/wiki/Lista_di_personaggi_di_One_Piece","Abitanti di Zo","https://onepiece.fandom.com/it/wiki/Zo","Tristan"
"1649601450-260","https://onepiece.fandom.com/it/wiki/Lista_di_personaggi_di_One_Piece","Pirati di Thriller Bark","https://onepiece.fandom.com/it/wiki/Pirati_di_Thriller_Bark","Hildon"
"1649601450-277","https://onepiece.fandom.com/it/wiki/Lista_di_personaggi_di_One_Piece","Pirati di Thriller Bark","https://onepiece.fandom.com/it/wiki/Pirati_di_Thriller_Bark","Ippogentiluomo"
"1649601459-338","https://onepiece.fandom.com/it/wiki/Lista_di_personaggi_di_One_Piece","Pirati delle cento bestie","https://onepiece.fandom.com/it/wiki/Pirati_delle_cento_bestie","Mizerka"
"1649601459-327","https://onepiece.fandom.com/it/wiki/Lista_di_personaggi_di_One_Piece","Pirati delle cento bestie","https://onepiece.fandom.com/it/wiki/Pirati_delle_cento_bestie","X Drake"
"1649601443-217","https://onepiece.fandom.com/it/wiki/Lista_di_personaggi_di_One_Piece","Nobili mondiali","https://onepiece.fandom.com/it/wiki/Nobili_mondiali","Charloss"
"1649601488-576","https://onepiece.fandom.com/it/wiki/Lista_di_personaggi_di_One_Piece","Pirati di Cappello di paglia","https://onepiece.fandom.com/it/wiki/Pirati_di_Cappello_di_paglia","TonyTony Chopper"
"1649601481-547","https://onepiece.fandom.com/it/wiki/Lista_di_personaggi_di_One_Piece","Abitanti di Zo","https://onepiece.fandom.com/it/wiki/Zo","Wanda"
"1649601441-202","https://onepiece.fandom.com/it/wiki/Lista_di_personaggi_di_One_Piece","CP9","https://onepiece.fandom.com/it/wiki/CP9","Jabura"
"1649601459-358","https://onepiece.fandom.com/it/wiki/Lista_di_personaggi_di_One_Piece","Pirati delle cento bestie","https://onepiece.fandom.com/it/wiki/Pirati_delle_cento_bestie","Gazelleman"
"1649601462-416","https://onepiece.fandom.com/it/wiki/Lista_di_personaggi_di_One_Piece","Pirati di Big Mom","https://onepiece.fandom.com/it/wiki/Pirati_di_Big_Mom","Charlotte Basskarte"
"1649601477-519","https://onepiece.fandom.com/it/wiki/Lista_di_personaggi_di_One_Piece","Pirati splendidi","https://onepiece.fandom.com/it/wiki/Pirati_splendidi","Cavendish"
"1649601462-460","https://onepiece.fandom.com/it/wiki/Lista_di_personaggi_di_One_Piece","Pirati di Big Mom","https://onepiece.fandom.com/it/wiki/Pirati_di_Big_Mom","Charlotte Akimeg"
"1649601452-287","https://onepiece.fandom.com/it/wiki/Lista_di_personaggi_di_One_Piece","Piratesse Kuja","https://onepiece.fandom.com/it/wiki/Piratesse_Kuja","Blufan"
"1649601468-506","https://onepiece.fandom.com/it/wiki/Lista_di_personaggi_di_One_Piece","Pirati Tontatta","https://onepiece.fandom.com/it/wiki/Pirati_Tontatta","Maugi"
"1649601452-285","https://onepiece.fandom.com/it/wiki/Lista_di_personaggi_di_One_Piece","Piratesse Kuja","https://onepiece.fandom.com/it/wiki/Piratesse_Kuja","Lindow"
"1649601436-56","https://onepiece.fandom.com/it/wiki/Lista_di_personaggi_di_One_Piece","Galley-La company","https://onepiece.fandom.com/it/wiki/Galley-La_company","Zanbai"
"1649601484-562","https://onepiece.fandom.com/it/wiki/Lista_di_personaggi_di_One_Piece","Nove foderi rossi","https://onepiece.fandom.com/it/wiki/Nove_foderi_rossi","Denjiro"
"1649601439-177","https://onepiece.fandom.com/it/wiki/Lista_di_personaggi_di_One_Piece","Marina","https://onepiece.fandom.com/it/wiki/Marina","Jim"
"1649601439-66","https://onepiece.fandom.com/it/wiki/Lista_di_personaggi_di_One_Piece","Marina","https://onepiece.fandom.com/it/wiki/Marina","Borsalino"
"1649601445-232","https://onepiece.fandom.com/it/wiki/Lista_di_personaggi_di_One_Piece","Armata rivoluzionaria","https://onepiece.fandom.com/it/wiki/Armata_rivoluzionaria","Morley"
"1649601454-303","https://onepiece.fandom.com/it/wiki/Lista_di_personaggi_di_One_Piece","Pirati di Barbanera","https://onepiece.fandom.com/it/wiki/Pirati_di_Barbanera","Maki"
"1649601439-109","https://onepiece.fandom.com/it/wiki/Lista_di_personaggi_di_One_Piece","Marina","https://onepiece.fandom.com/it/wiki/Marina","Kobi"
"1649601439-123","https://onepiece.fandom.com/it/wiki/Lista_di_personaggi_di_One_Piece","Marina","https://onepiece.fandom.com/it/wiki/Marina","Bogart"
"1649601459-376","https://onepiece.fandom.com/it/wiki/Lista_di_personaggi_di_One_Piece","Pirati delle cento bestie","https://onepiece.fandom.com/it/wiki/Pirati_delle_cento_bestie","Chome"
"1649601459-333","https://onepiece.fandom.com/it/wiki/Lista_di_personaggi_di_One_Piece","Pirati delle cento bestie","https://onepiece.fandom.com/it/wiki/Pirati_delle_cento_bestie","Dobon"
"1649601439-96","https://onepiece.fandom.com/it/wiki/Lista_di_personaggi_di_One_Piece","Marina","https://onepiece.fandom.com/it/wiki/Marina","Catacombo"
"1649601450-267","https://onepiece.fandom.com/it/wiki/Lista_di_personaggi_di_One_Piece","Pirati di Thriller Bark","https://onepiece.fandom.com/it/wiki/Pirati_di_Thriller_Bark","Tararan"
"1649601470-509","https://onepiece.fandom.com/it/wiki/Lista_di_personaggi_di_One_Piece","Pirati di Ideo","https://onepiece.fandom.com/it/wiki/Pirati_di_Ideo","Ideo"
"1649601462-444","https://onepiece.fandom.com/it/wiki/Lista_di_personaggi_di_One_Piece","Pirati di Big Mom","https://onepiece.fandom.com/it/wiki/Pirati_di_Big_Mom","Charlotte Panna"
"1649601439-119","https://onepiece.fandom.com/it/wiki/Lista_di_personaggi_di_One_Piece","Marina","https://onepiece.fandom.com/it/wiki/Marina","Isuka"
"1649601439-117","https://onepiece.fandom.com/it/wiki/Lista_di_personaggi_di_One_Piece","Marina","https://onepiece.fandom.com/it/wiki/Marina","Rokkaku"
"1649601439-140","https://onepiece.fandom.com/it/wiki/Lista_di_personaggi_di_One_Piece","Marina","https://onepiece.fandom.com/it/wiki/Marina","Kong"
"1649601488-583","https://onepiece.fandom.com/it/wiki/Lista_di_personaggi_di_One_Piece","Pirati di Cappello di paglia","https://onepiece.fandom.com/it/wiki/Pirati_di_Cappello_di_paglia","Nefertari Bibi"
"1649601479-524","https://onepiece.fandom.com/it/wiki/Lista_di_personaggi_di_One_Piece","Pirati di Kidd","https://onepiece.fandom.com/it/wiki/Pirati_di_Kidd","Heat"
"1649601454-305","https://onepiece.fandom.com/it/wiki/Lista_di_personaggi_di_One_Piece","Pirati di Barbanera","https://onepiece.fandom.com/it/wiki/Pirati_di_Barbanera","Stronger"
"1649601481-540","https://onepiece.fandom.com/it/wiki/Lista_di_personaggi_di_One_Piece","Abitanti di Zo","https://onepiece.fandom.com/it/wiki/Zo","Miyagi"
"1649601462-426","https://onepiece.fandom.com/it/wiki/Lista_di_personaggi_di_One_Piece","Pirati di Big Mom","https://onepiece.fandom.com/it/wiki/Pirati_di_Big_Mom","Charlotte Poire"
"1649601459-342","https://onepiece.fandom.com/it/wiki/Lista_di_personaggi_di_One_Piece","Pirati delle cento bestie","https://onepiece.fandom.com/it/wiki/Pirati_delle_cento_bestie","Solitaire"
"1649601439-93","https://onepiece.fandom.com/it/wiki/Lista_di_personaggi_di_One_Piece","Marina","https://onepiece.fandom.com/it/wiki/Marina","Akehende"
"1649601459-341","https://onepiece.fandom.com/it/wiki/Lista_di_personaggi_di_One_Piece","Pirati delle cento bestie","https://onepiece.fandom.com/it/wiki/Pirati_delle_cento_bestie","Sheepshead"
"1649601479-528","https://onepiece.fandom.com/it/wiki/Lista_di_personaggi_di_One_Piece","Pirati di Kidd","https://onepiece.fandom.com/it/wiki/Pirati_di_Kidd","Gig"
"1649601439-163","https://onepiece.fandom.com/it/wiki/Lista_di_personaggi_di_One_Piece","Marina","https://onepiece.fandom.com/it/wiki/Marina","Randolph"
"1649601454-296","https://onepiece.fandom.com/it/wiki/Lista_di_personaggi_di_One_Piece","Pirati di Barbanera","https://onepiece.fandom.com/it/wiki/Pirati_di_Barbanera","Lafitte"
"1649601447-241","https://onepiece.fandom.com/it/wiki/Lista_di_personaggi_di_One_Piece","Pirati del Sole","https://onepiece.fandom.com/it/wiki/Pirati_del_Sole","Aladin"
"1649601439-138","https://onepiece.fandom.com/it/wiki/Lista_di_personaggi_di_One_Piece","Marina","https://onepiece.fandom.com/it/wiki/Marina","Coda"
"1649601452-289","https://onepiece.fandom.com/it/wiki/Lista_di_personaggi_di_One_Piece","Piratesse Kuja","https://onepiece.fandom.com/it/wiki/Piratesse_Kuja","Aphelandra"
"1649601443-221","https://onepiece.fandom.com/it/wiki/Lista_di_personaggi_di_One_Piece","Nobili mondiali","https://onepiece.fandom.com/it/wiki/Nobili_mondiali","Shalulia"
"1649601459-361","https://onepiece.fandom.com/it/wiki/Lista_di_personaggi_di_One_Piece","Pirati delle cento bestie","https://onepiece.fandom.com/it/wiki/Pirati_delle_cento_bestie","Nure-Onna"
"1649601439-156","https://onepiece.fandom.com/it/wiki/Lista_di_personaggi_di_One_Piece","Marina","https://onepiece.fandom.com/it/wiki/Marina","Moore"
"1649601450-269","https://onepiece.fandom.com/it/wiki/Lista_di_personaggi_di_One_Piece","Pirati di Thriller Bark","https://onepiece.fandom.com/it/wiki/Pirati_di_Thriller_Bark","John"
"1649601462-469","https://onepiece.fandom.com/it/wiki/Lista_di_personaggi_di_One_Piece","Pirati di Big Mom","https://onepiece.fandom.com/it/wiki/Pirati_di_Big_Mom","Charlotte Dragée"
"1649601439-97","https://onepiece.fandom.com/it/wiki/Lista_di_personaggi_di_One_Piece","Marina","https://onepiece.fandom.com/it/wiki/Marina","Sicily"
"1649601439-176","https://onepiece.fandom.com/it/wiki/Lista_di_personaggi_di_One_Piece","Marina","https://onepiece.fandom.com/it/wiki/Marina","Regis"
"1649601462-424","https://onepiece.fandom.com/it/wiki/Lista_di_personaggi_di_One_Piece","Pirati di Big Mom","https://onepiece.fandom.com/it/wiki/Pirati_di_Big_Mom","Charlotte Laurin"
"1649601462-425","https://onepiece.fandom.com/it/wiki/Lista_di_personaggi_di_One_Piece","Pirati di Big Mom","https://onepiece.fandom.com/it/wiki/Pirati_di_Big_Mom","Charlotte Galette"
"1649601439-157","https://onepiece.fandom.com/it/wiki/Lista_di_personaggi_di_One_Piece","Marina","https://onepiece.fandom.com/it/wiki/Marina","All-Hunt Grount"
"1649601468-498","https://onepiece.fandom.com/it/wiki/Lista_di_personaggi_di_One_Piece","Pirati Tontatta","https://onepiece.fandom.com/it/wiki/Pirati_Tontatta","Bobomba"
"1649601439-168","https://onepiece.fandom.com/it/wiki/Lista_di_personaggi_di_One_Piece","Marina","https://onepiece.fandom.com/it/wiki/Marina","Minchey"
"1649601462-404","https://onepiece.fandom.com/it/wiki/Lista_di_personaggi_di_One_Piece","Pirati di Big Mom","https://onepiece.fandom.com/it/wiki/Pirati_di_Big_Mom","Charlotte Cabaletta"
"1649601439-146","https://onepiece.fandom.com/it/wiki/Lista_di_personaggi_di_One_Piece","Marina","https://onepiece.fandom.com/it/wiki/Marina","Bellmer"
"1649601462-437","https://onepiece.fandom.com/it/wiki/Lista_di_personaggi_di_One_Piece","Pirati di Big Mom","https://onepiece.fandom.com/it/wiki/Pirati_di_Big_Mom","Charlotte Snack"
"1649601462-398","https://onepiece.fandom.com/it/wiki/Lista_di_personaggi_di_One_Piece","Pirati di Big Mom","https://onepiece.fandom.com/it/wiki/Pirati_di_Big_Mom","Charlotte Amande"
"1649601439-115","https://onepiece.fandom.com/it/wiki/Lista_di_personaggi_di_One_Piece","Marina","https://onepiece.fandom.com/it/wiki/Marina","Jango"
"1649601459-346","https://onepiece.fandom.com/it/wiki/Lista_di_personaggi_di_One_Piece","Pirati delle cento bestie","https://onepiece.fandom.com/it/wiki/Pirati_delle_cento_bestie","Zanki"
"1649601439-192","https://onepiece.fandom.com/it/wiki/Lista_di_personaggi_di_One_Piece","Marina","https://onepiece.fandom.com/it/wiki/Marina","Jessica"
"1649601462-403","https://onepiece.fandom.com/it/wiki/Lista_di_personaggi_di_One_Piece","Pirati di Big Mom","https://onepiece.fandom.com/it/wiki/Pirati_di_Big_Mom","Charlotte Cadenza"
"1649601439-67","https://onepiece.fandom.com/it/wiki/Lista_di_personaggi_di_One_Piece","Marina","https://onepiece.fandom.com/it/wiki/Marina","Issho"
"1649601459-359","https://onepiece.fandom.com/it/wiki/Lista_di_personaggi_di_One_Piece","Pirati delle cento bestie","https://onepiece.fandom.com/it/wiki/Pirati_delle_cento_bestie","Madilloman"
"1649601462-423","https://onepiece.fandom.com/it/wiki/Lista_di_personaggi_di_One_Piece","Pirati di Big Mom","https://onepiece.fandom.com/it/wiki/Pirati_di_Big_Mom","Charlotte Melise"
"1649601456-308","https://onepiece.fandom.com/it/wiki/Lista_di_personaggi_di_One_Piece","Pirati del Rosso","https://onepiece.fandom.com/it/wiki/Pirati_del_Rosso","Benn Beckman"
"1649601486-566","https://onepiece.fandom.com/it/wiki/Lista_di_personaggi_di_One_Piece","Pirati Heart","https://onepiece.fandom.com/it/wiki/Pirati_Heart","Shachi"
"1649601459-374","https://onepiece.fandom.com/it/wiki/Lista_di_personaggi_di_One_Piece","Pirati delle cento bestie","https://onepiece.fandom.com/it/wiki/Pirati_delle_cento_bestie","Fukurokuju"
"1649601452-279","https://onepiece.fandom.com/it/wiki/Lista_di_personaggi_di_One_Piece","Piratesse Kuja","https://onepiece.fandom.com/it/wiki/Piratesse_Kuja","Boa Hancock"
"1649601462-483","https://onepiece.fandom.com/it/wiki/Lista_di_personaggi_di_One_Piece","Pirati di Big Mom","https://onepiece.fandom.com/it/wiki/Pirati_di_Big_Mom","Misery"
"1649601459-384","https://onepiece.fandom.com/it/wiki/Lista_di_personaggi_di_One_Piece","Pirati delle cento bestie","https://onepiece.fandom.com/it/wiki/Pirati_delle_cento_bestie","Yazaemon"
"1649601488-582","https://onepiece.fandom.com/it/wiki/Lista_di_personaggi_di_One_Piece","Pirati di Cappello di paglia","https://onepiece.fandom.com/it/wiki/Pirati_di_Cappello_di_paglia","Karl"
"1649601462-408","https://onepiece.fandom.com/it/wiki/Lista_di_personaggi_di_One_Piece","Pirati di Big Mom","https://onepiece.fandom.com/it/wiki/Pirati_di_Big_Mom","Charlotte Brulee"
"1649601439-144","https://onepiece.fandom.com/it/wiki/Lista_di_personaggi_di_One_Piece","Marina","https://onepiece.fandom.com/it/wiki/Marina","Caesar Clown"
"1649601447-249","https://onepiece.fandom.com/it/wiki/Lista_di_personaggi_di_One_Piece","Pirati del Sole","https://onepiece.fandom.com/it/wiki/Pirati_del_Sole","Kuroobi"
"1649601439-132","https://onepiece.fandom.com/it/wiki/Lista_di_personaggi_di_One_Piece","Marina","https://onepiece.fandom.com/it/wiki/Marina","Gal"
"1649601443-223","https://onepiece.fandom.com/it/wiki/Lista_di_personaggi_di_One_Piece","Nobili mondiali","https://onepiece.fandom.com/it/wiki/Nobili_mondiali","Donquijote Do Flamingo"
"1649601439-98","https://onepiece.fandom.com/it/wiki/Lista_di_personaggi_di_One_Piece","Marina","https://onepiece.fandom.com/it/wiki/Marina","T-Bone"
"1649601462-417","https://onepiece.fandom.com/it/wiki/Lista_di_personaggi_di_One_Piece","Pirati di Big Mom","https://onepiece.fandom.com/it/wiki/Pirati_di_Big_Mom","Charlotte Dosmarche"
"1649601459-325","https://onepiece.fandom.com/it/wiki/Lista_di_personaggi_di_One_Piece","Pirati delle cento bestie","https://onepiece.fandom.com/it/wiki/Pirati_delle_cento_bestie","Ulti"
"1649601488-580","https://onepiece.fandom.com/it/wiki/Lista_di_personaggi_di_One_Piece","Pirati di Cappello di paglia","https://onepiece.fandom.com/it/wiki/Pirati_di_Cappello_di_paglia","Jinbe"
"1649601459-372","https://onepiece.fandom.com/it/wiki/Lista_di_personaggi_di_One_Piece","Pirati delle cento bestie","https://onepiece.fandom.com/it/wiki/Pirati_delle_cento_bestie","Pudos"
"1649601441-210","https://onepiece.fandom.com/it/wiki/Lista_di_personaggi_di_One_Piece","CP9","https://onepiece.fandom.com/it/wiki/CP9","Spandine"
"1649601439-79","https://onepiece.fandom.com/it/wiki/Lista_di_personaggi_di_One_Piece","Marina","https://onepiece.fandom.com/it/wiki/Marina","Ronse"
"1649601486-567","https://onepiece.fandom.com/it/wiki/Lista_di_personaggi_di_One_Piece","Pirati Heart","https://onepiece.fandom.com/it/wiki/Pirati_Heart","Jean Bart"
"1649601443-222","https://onepiece.fandom.com/it/wiki/Lista_di_personaggi_di_One_Piece","Nobili mondiali","https://onepiece.fandom.com/it/wiki/Nobili_mondiali","Donquijote Homing"
"1649601439-116","https://onepiece.fandom.com/it/wiki/Lista_di_personaggi_di_One_Piece","Marina","https://onepiece.fandom.com/it/wiki/Marina","Zotto"
"1649601462-447","https://onepiece.fandom.com/it/wiki/Lista_di_personaggi_di_One_Piece","Pirati di Big Mom","https://onepiece.fandom.com/it/wiki/Pirati_di_Big_Mom","Charlotte Chiboust"
"1649601450-270","https://onepiece.fandom.com/it/wiki/Lista_di_personaggi_di_One_Piece","Pirati di Thriller Bark","https://onepiece.fandom.com/it/wiki/Pirati_di_Thriller_Bark","Unigaro"
"1649601439-120","https://onepiece.fandom.com/it/wiki/Lista_di_personaggi_di_One_Piece","Marina","https://onepiece.fandom.com/it/wiki/Marina","Maccow"
"1649601459-383","https://onepiece.fandom.com/it/wiki/Lista_di_personaggi_di_One_Piece","Pirati delle cento bestie","https://onepiece.fandom.com/it/wiki/Pirati_delle_cento_bestie","Sarutobi"
"1649601439-83","https://onepiece.fandom.com/it/wiki/Lista_di_personaggi_di_One_Piece","Marina","https://onepiece.fandom.com/it/wiki/Marina","Stainless"
"1649601439-70","https://onepiece.fandom.com/it/wiki/Lista_di_personaggi_di_One_Piece","Marina","https://onepiece.fandom.com/it/wiki/Marina","Tsuru"
"1649601462-456","https://onepiece.fandom.com/it/wiki/Lista_di_personaggi_di_One_Piece","Pirati di Big Mom","https://onepiece.fandom.com/it/wiki/Pirati_di_Big_Mom","Charlotte Newsan"
"1649601466-487","https://onepiece.fandom.com/it/wiki/Lista_di_personaggi_di_One_Piece","Nuovi pirati giganti guerrieri","https://onepiece.fandom.com/it/wiki/Nuovi_pirati_giganti_guerrieri","Stansen"
"1649601445-237","https://onepiece.fandom.com/it/wiki/Lista_di_personaggi_di_One_Piece","Armata rivoluzionaria","https://onepiece.fandom.com/it/wiki/Armata_rivoluzionaria","Orso Bartholomew"
"1649601439-94","https://onepiece.fandom.com/it/wiki/Lista_di_personaggi_di_One_Piece","Marina","https://onepiece.fandom.com/it/wiki/Marina","Hina"
"1649601462-422","https://onepiece.fandom.com/it/wiki/Lista_di_personaggi_di_One_Piece","Pirati di Big Mom","https://onepiece.fandom.com/it/wiki/Pirati_di_Big_Mom","Charlotte Compo"
"1649601481-551","https://onepiece.fandom.com/it/wiki/Lista_di_personaggi_di_One_Piece","Abitanti di Zo","https://onepiece.fandom.com/it/wiki/Zo","Bepo"
"1649601462-392","https://onepiece.fandom.com/it/wiki/Lista_di_personaggi_di_One_Piece","Pirati di Big Mom","https://onepiece.fandom.com/it/wiki/Pirati_di_Big_Mom","Charlotte Cracker"
"1649601439-170","https://onepiece.fandom.com/it/wiki/Lista_di_personaggi_di_One_Piece","Marina","https://onepiece.fandom.com/it/wiki/Marina","Akimi"
"1649601459-356","https://onepiece.fandom.com/it/wiki/Lista_di_personaggi_di_One_Piece","Pirati delle cento bestie","https://onepiece.fandom.com/it/wiki/Pirati_delle_cento_bestie","Caiman Lady"
"1649601462-467","https://onepiece.fandom.com/it/wiki/Lista_di_personaggi_di_One_Piece","Pirati di Big Mom","https://onepiece.fandom.com/it/wiki/Pirati_di_Big_Mom","Charlotte Anglaise"
"1649601481-541","https://onepiece.fandom.com/it/wiki/Lista_di_personaggi_di_One_Piece","Abitanti di Zo","https://onepiece.fandom.com/it/wiki/Zo","Monji"
"1649601443-212","https://onepiece.fandom.com/it/wiki/Lista_di_personaggi_di_One_Piece","Nobili mondiali","https://onepiece.fandom.com/it/wiki/Nobili_mondiali","????"
"1649601459-331","https://onepiece.fandom.com/it/wiki/Lista_di_personaggi_di_One_Piece","Pirati delle cento bestie","https://onepiece.fandom.com/it/wiki/Pirati_delle_cento_bestie","Briscola"
"1649601454-295","https://onepiece.fandom.com/it/wiki/Lista_di_personaggi_di_One_Piece","Pirati di Barbanera","https://onepiece.fandom.com/it/wiki/Pirati_di_Barbanera","Avalo Pizarro"
"1649601439-147","https://onepiece.fandom.com/it/wiki/Lista_di_personaggi_di_One_Piece","Marina","https://onepiece.fandom.com/it/wiki/Marina","Diez Barrels"
"1649601439-122","https://onepiece.fandom.com/it/wiki/Lista_di_personaggi_di_One_Piece","Marina","https://onepiece.fandom.com/it/wiki/Marina","Sentomaru"
"1649601462-396","https://onepiece.fandom.com/it/wiki/Lista_di_personaggi_di_One_Piece","Pirati di Big Mom","https://onepiece.fandom.com/it/wiki/Pirati_di_Big_Mom","Charlotte Daifuku"
"1649601459-320","https://onepiece.fandom.com/it/wiki/Lista_di_personaggi_di_One_Piece","Pirati delle cento bestie","https://onepiece.fandom.com/it/wiki/Pirati_delle_cento_bestie","Queen"
"1649601459-343","https://onepiece.fandom.com/it/wiki/Lista_di_personaggi_di_One_Piece","Pirati delle cento bestie","https://onepiece.fandom.com/it/wiki/Pirati_delle_cento_bestie","Speed"
"1649601454-299","https://onepiece.fandom.com/it/wiki/Lista_di_personaggi_di_One_Piece","Pirati di Barbanera","https://onepiece.fandom.com/it/wiki/Pirati_di_Barbanera","Vasco Shot"
"1649601439-130","https://onepiece.fandom.com/it/wiki/Lista_di_personaggi_di_One_Piece","Marina","https://onepiece.fandom.com/it/wiki/Marina","Bakezo"
"1649601447-254","https://onepiece.fandom.com/it/wiki/Lista_di_personaggi_di_One_Piece","Pirati del Sole","https://onepiece.fandom.com/it/wiki/Pirati_del_Sole","Tansui"
"1649601441-211","https://onepiece.fandom.com/it/wiki/Lista_di_personaggi_di_One_Piece","CP9","https://onepiece.fandom.com/it/wiki/CP9","Lusky"
"1649601454-292","https://onepiece.fandom.com/it/wiki/Lista_di_personaggi_di_One_Piece","Pirati di Barbanera","https://onepiece.fandom.com/it/wiki/Pirati_di_Barbanera","Jesus Burgess"
"1649601439-159","https://onepiece.fandom.com/it/wiki/Lista_di_personaggi_di_One_Piece","Marina","https://onepiece.fandom.com/it/wiki/Marina","Gabana"
"1649601439-154","https://onepiece.fandom.com/it/wiki/Lista_di_personaggi_di_One_Piece","Marina","https://onepiece.fandom.com/it/wiki/Marina","Bilić"
"1649601439-195","https://onepiece.fandom.com/it/wiki/Lista_di_personaggi_di_One_Piece","Marina","https://onepiece.fandom.com/it/wiki/Marina","Tom"
"1649601439-190","https://onepiece.fandom.com/it/wiki/Lista_di_personaggi_di_One_Piece","Marina","https://onepiece.fandom.com/it/wiki/Marina","Kobato"
"1649601439-141","https://onepiece.fandom.com/it/wiki/Lista_di_personaggi_di_One_Piece","Marina","https://onepiece.fandom.com/it/wiki/Marina","Kuzan"
"1649601439-149","https://onepiece.fandom.com/it/wiki/Lista_di_personaggi_di_One_Piece","Marina","https://onepiece.fandom.com/it/wiki/Marina","Jonathan"
"1649601472-513","https://onepiece.fandom.com/it/wiki/Lista_di_personaggi_di_One_Piece","Naviglio degli otto tesori","https://onepiece.fandom.com/it/wiki/Naviglio_degli_otto_tesori","Sai"
"1649601484-561","https://onepiece.fandom.com/it/wiki/Lista_di_personaggi_di_One_Piece","Nove foderi rossi","https://onepiece.fandom.com/it/wiki/Nove_foderi_rossi","Kawamatsu"
"1649601439-74","https://onepiece.fandom.com/it/wiki/Lista_di_personaggi_di_One_Piece","Marina","https://onepiece.fandom.com/it/wiki/Marina","Onigumo"
"1649601468-500","https://onepiece.fandom.com/it/wiki/Lista_di_personaggi_di_One_Piece","Pirati Tontatta","https://onepiece.fandom.com/it/wiki/Pirati_Tontatta","Chicory"
"1649601459-347","https://onepiece.fandom.com/it/wiki/Lista_di_personaggi_di_One_Piece","Pirati delle cento bestie","https://onepiece.fandom.com/it/wiki/Pirati_delle_cento_bestie","Jaki"
"1649601445-227","https://onepiece.fandom.com/it/wiki/Lista_di_personaggi_di_One_Piece","Armata rivoluzionaria","https://onepiece.fandom.com/it/wiki/Armata_rivoluzionaria","Sabo"
"1649601481-542","https://onepiece.fandom.com/it/wiki/Lista_di_personaggi_di_One_Piece","Abitanti di Zo","https://onepiece.fandom.com/it/wiki/Zo","Pedro"
"1649601441-200","https://onepiece.fandom.com/it/wiki/Lista_di_personaggi_di_One_Piece","CP9","https://onepiece.fandom.com/it/wiki/CP9","Rob Lucci"
"1649601439-150","https://onepiece.fandom.com/it/wiki/Lista_di_personaggi_di_One_Piece","Marina","https://onepiece.fandom.com/it/wiki/Marina","Komei"
"1649601439-196","https://onepiece.fandom.com/it/wiki/Lista_di_personaggi_di_One_Piece","Marina","https://onepiece.fandom.com/it/wiki/Marina","Tajio"
"1649601468-505","https://onepiece.fandom.com/it/wiki/Lista_di_personaggi_di_One_Piece","Pirati Tontatta","https://onepiece.fandom.com/it/wiki/Pirati_Tontatta","Inhel"
"1649601450-274","https://onepiece.fandom.com/it/wiki/Lista_di_personaggi_di_One_Piece","Pirati di Thriller Bark","https://onepiece.fandom.com/it/wiki/Pirati_di_Thriller_Bark","Gyoro"
"1649601459-375","https://onepiece.fandom.com/it/wiki/Lista_di_personaggi_di_One_Piece","Pirati delle cento bestie","https://onepiece.fandom.com/it/wiki/Pirati_delle_cento_bestie","Bishamon"
"1649601481-549","https://onepiece.fandom.com/it/wiki/Lista_di_personaggi_di_One_Piece","Abitanti di Zo","https://onepiece.fandom.com/it/wiki/Zo","Crocky"
"1649601459-351","https://onepiece.fandom.com/it/wiki/Lista_di_personaggi_di_One_Piece","Pirati delle cento bestie","https://onepiece.fandom.com/it/wiki/Pirati_delle_cento_bestie","Hatcha"
"1649601462-405","https://onepiece.fandom.com/it/wiki/Lista_di_personaggi_di_One_Piece","Pirati di Big Mom","https://onepiece.fandom.com/it/wiki/Pirati_di_Big_Mom","Charlotte Gala"
"1649601462-466","https://onepiece.fandom.com/it/wiki/Lista_di_personaggi_di_One_Piece","Pirati di Big Mom","https://onepiece.fandom.com/it/wiki/Pirati_di_Big_Mom","Charlotte Nougat"
"1649601439-171","https://onepiece.fandom.com/it/wiki/Lista_di_personaggi_di_One_Piece","Marina","https://onepiece.fandom.com/it/wiki/Marina","Rongo"
"1649601439-80","https://onepiece.fandom.com/it/wiki/Lista_di_personaggi_di_One_Piece","Marina","https://onepiece.fandom.com/it/wiki/Marina","Vergo"
"1649601468-499","https://onepiece.fandom.com/it/wiki/Lista_di_personaggi_di_One_Piece","Pirati Tontatta","https://onepiece.fandom.com/it/wiki/Pirati_Tontatta","Chao"
"1649601462-465","https://onepiece.fandom.com/it/wiki/Lista_di_personaggi_di_One_Piece","Pirati di Big Mom","https://onepiece.fandom.com/it/wiki/Pirati_di_Big_Mom","Charlotte Flambé"
"1649601462-438","https://onepiece.fandom.com/it/wiki/Lista_di_personaggi_di_One_Piece","Pirati di Big Mom","https://onepiece.fandom.com/it/wiki/Pirati_di_Big_Mom","Charlotte Marble"
"1649601459-350","https://onepiece.fandom.com/it/wiki/Lista_di_personaggi_di_One_Piece","Pirati delle cento bestie","https://onepiece.fandom.com/it/wiki/Pirati_delle_cento_bestie","Nangi"
"1649601468-501","https://onepiece.fandom.com/it/wiki/Lista_di_personaggi_di_One_Piece","Pirati Tontatta","https://onepiece.fandom.com/it/wiki/Pirati_Tontatta","Cotton"
"1649601456-310","https://onepiece.fandom.com/it/wiki/Lista_di_personaggi_di_One_Piece","Pirati del Rosso","https://onepiece.fandom.com/it/wiki/Pirati_del_Rosso","Yasop"
"1649601459-336","https://onepiece.fandom.com/it/wiki/Lista_di_personaggi_di_One_Piece","Pirati delle cento bestie","https://onepiece.fandom.com/it/wiki/Pirati_delle_cento_bestie","Hamlet"
"1649601439-110","https://onepiece.fandom.com/it/wiki/Lista_di_personaggi_di_One_Piece","Marina","https://onepiece.fandom.com/it/wiki/Marina","Rippah"
"1649601439-81","https://onepiece.fandom.com/it/wiki/Lista_di_personaggi_di_One_Piece","Marina","https://onepiece.fandom.com/it/wiki/Marina","Smoker"
"1649601481-538","https://onepiece.fandom.com/it/wiki/Lista_di_personaggi_di_One_Piece","Abitanti di Zo","https://onepiece.fandom.com/it/wiki/Zo","Koncelot"
"1649601443-216","https://onepiece.fandom.com/it/wiki/Lista_di_personaggi_di_One_Piece","Nobili mondiali","https://onepiece.fandom.com/it/wiki/Nobili_mondiali","????"
"1649601462-406","https://onepiece.fandom.com/it/wiki/Lista_di_personaggi_di_One_Piece","Pirati di Big Mom","https://onepiece.fandom.com/it/wiki/Pirati_di_Big_Mom","Charlotte Custard"
"1649601456-316","https://onepiece.fandom.com/it/wiki/Lista_di_personaggi_di_One_Piece","Pirati del Rosso","https://onepiece.fandom.com/it/wiki/Pirati_del_Rosso","Monster"
"1649601459-377","https://onepiece.fandom.com/it/wiki/Lista_di_personaggi_di_One_Piece","Pirati delle cento bestie","https://onepiece.fandom.com/it/wiki/Pirati_delle_cento_bestie","Daikoku"
"1649601439-92","https://onepiece.fandom.com/it/wiki/Lista_di_personaggi_di_One_Piece","Marina","https://onepiece.fandom.com/it/wiki/Marina","X Drake"
"1649601462-411","https://onepiece.fandom.com/it/wiki/Lista_di_personaggi_di_One_Piece","Pirati di Big Mom","https://onepiece.fandom.com/it/wiki/Pirati_di_Big_Mom","Charlotte Zuccotto"
"1649601441-199","https://onepiece.fandom.com/it/wiki/Lista_di_personaggi_di_One_Piece","CP9","https://onepiece.fandom.com/it/wiki/CP9","Funkfleed"
"1649601439-161","https://onepiece.fandom.com/it/wiki/Lista_di_personaggi_di_One_Piece","Marina","https://onepiece.fandom.com/it/wiki/Marina","Rapanui Pasqua"
"1649601462-470","https://onepiece.fandom.com/it/wiki/Lista_di_personaggi_di_One_Piece","Pirati di Big Mom","https://onepiece.fandom.com/it/wiki/Pirati_di_Big_Mom","Charlotte Anana"
"1649601479-530","https://onepiece.fandom.com/it/wiki/Lista_di_personaggi_di_One_Piece","Pirati di Kidd","https://onepiece.fandom.com/it/wiki/Pirati_di_Kidd","UK"
"1649601443-220","https://onepiece.fandom.com/it/wiki/Lista_di_personaggi_di_One_Piece","Nobili mondiali","https://onepiece.fandom.com/it/wiki/Nobili_mondiali","Roswald"
"1649601454-298","https://onepiece.fandom.com/it/wiki/Lista_di_personaggi_di_One_Piece","Pirati di Barbanera","https://onepiece.fandom.com/it/wiki/Pirati_di_Barbanera","San Juan Wolf"
"1649601443-224","https://onepiece.fandom.com/it/wiki/Lista_di_personaggi_di_One_Piece","Nobili mondiali","https://onepiece.fandom.com/it/wiki/Nobili_mondiali","Donquijote Rosinante"
"1649601459-328","https://onepiece.fandom.com/it/wiki/Lista_di_personaggi_di_One_Piece","Pirati delle cento bestie","https://onepiece.fandom.com/it/wiki/Pirati_delle_cento_bestie","Babanuki"
"1649601488-571","https://onepiece.fandom.com/it/wiki/Lista_di_personaggi_di_One_Piece","Pirati di Cappello di paglia","https://onepiece.fandom.com/it/wiki/Pirati_di_Cappello_di_paglia","Monkey D. Rufy"
"1649601441-205","https://onepiece.fandom.com/it/wiki/Lista_di_personaggi_di_One_Piece","CP9","https://onepiece.fandom.com/it/wiki/CP9","Fukuro"
"1649601462-463","https://onepiece.fandom.com/it/wiki/Lista_di_personaggi_di_One_Piece","Pirati di Big Mom","https://onepiece.fandom.com/it/wiki/Pirati_di_Big_Mom","Charlotte Fuyumeg"
"1649601454-294","https://onepiece.fandom.com/it/wiki/Lista_di_personaggi_di_One_Piece","Pirati di Barbanera","https://onepiece.fandom.com/it/wiki/Pirati_di_Barbanera","Van Ooger"
"1649601439-106","https://onepiece.fandom.com/it/wiki/Lista_di_personaggi_di_One_Piece","Marina","https://onepiece.fandom.com/it/wiki/Marina","Gorilla"
"1649601459-385","https://onepiece.fandom.com/it/wiki/Lista_di_personaggi_di_One_Piece","Pirati delle cento bestie","https://onepiece.fandom.com/it/wiki/Pirati_delle_cento_bestie","Hotei"
"1649601462-458","https://onepiece.fandom.com/it/wiki/Lista_di_personaggi_di_One_Piece","Pirati di Big Mom","https://onepiece.fandom.com/it/wiki/Pirati_di_Big_Mom","Charlotte Newgo"
"1649601481-550","https://onepiece.fandom.com/it/wiki/Lista_di_personaggi_di_One_Piece","Abitanti di Zo","https://onepiece.fandom.com/it/wiki/Zo","Musatobi"
"1649601462-482","https://onepiece.fandom.com/it/wiki/Lista_di_personaggi_di_One_Piece","Pirati di Big Mom","https://onepiece.fandom.com/it/wiki/Pirati_di_Big_Mom","Hera"
"1649601439-178","https://onepiece.fandom.com/it/wiki/Lista_di_personaggi_di_One_Piece","Marina","https://onepiece.fandom.com/it/wiki/Marina","Lego"
"1649601468-494","https://onepiece.fandom.com/it/wiki/Lista_di_personaggi_di_One_Piece","Pirati Tontatta","https://onepiece.fandom.com/it/wiki/Pirati_Tontatta","Bian"
"1649601472-514","https://onepiece.fandom.com/it/wiki/Lista_di_personaggi_di_One_Piece","Naviglio degli otto tesori","https://onepiece.fandom.com/it/wiki/Naviglio_degli_otto_tesori","Boo"
"1649601439-133","https://onepiece.fandom.com/it/wiki/Lista_di_personaggi_di_One_Piece","Marina","https://onepiece.fandom.com/it/wiki/Marina","Jero"
"1649601462-402","https://onepiece.fandom.com/it/wiki/Lista_di_personaggi_di_One_Piece","Pirati di Big Mom","https://onepiece.fandom.com/it/wiki/Pirati_di_Big_Mom","Charlotte Counter"
"1649601443-215","https://onepiece.fandom.com/it/wiki/Lista_di_personaggi_di_One_Piece","Nobili mondiali","https://onepiece.fandom.com/it/wiki/Nobili_mondiali","????"
"1649601450-276","https://onepiece.fandom.com/it/wiki/Lista_di_personaggi_di_One_Piece","Pirati di Thriller Bark","https://onepiece.fandom.com/it/wiki/Pirati_di_Thriller_Bark","Bao"
"1649601479-527","https://onepiece.fandom.com/it/wiki/Lista_di_personaggi_di_One_Piece","Pirati di Kidd","https://onepiece.fandom.com/it/wiki/Pirati_di_Kidd","Dive"
"1649601439-129","https://onepiece.fandom.com/it/wiki/Lista_di_personaggi_di_One_Piece","Marina","https://onepiece.fandom.com/it/wiki/Marina","Ukkari"
"1649601459-387","https://onepiece.fandom.com/it/wiki/Lista_di_personaggi_di_One_Piece","Pirati delle cento bestie","https://onepiece.fandom.com/it/wiki/Pirati_delle_cento_bestie","Warazane"
"1649601452-286","https://onepiece.fandom.com/it/wiki/Lista_di_personaggi_di_One_Piece","Piratesse Kuja","https://onepiece.fandom.com/it/wiki/Piratesse_Kuja","Sweet Pea"
"1649601454-306","https://onepiece.fandom.com/it/wiki/Lista_di_personaggi_di_One_Piece","Pirati di Barbanera","https://onepiece.fandom.com/it/wiki/Pirati_di_Barbanera","Camel"
"1649601488-581","https://onepiece.fandom.com/it/wiki/Lista_di_personaggi_di_One_Piece","Pirati di Cappello di paglia","https://onepiece.fandom.com/it/wiki/Pirati_di_Cappello_di_paglia","Zeus"
"1649601459-371","https://onepiece.fandom.com/it/wiki/Lista_di_personaggi_di_One_Piece","Pirati delle cento bestie","https://onepiece.fandom.com/it/wiki/Pirati_delle_cento_bestie","Nokotti"
"1649601439-148","https://onepiece.fandom.com/it/wiki/Lista_di_personaggi_di_One_Piece","Marina","https://onepiece.fandom.com/it/wiki/Marina","Zephyr"
"1649601459-363","https://onepiece.fandom.com/it/wiki/Lista_di_personaggi_di_One_Piece","Pirati delle cento bestie","https://onepiece.fandom.com/it/wiki/Pirati_delle_cento_bestie","Sarahebi"
"1649601439-158","https://onepiece.fandom.com/it/wiki/Lista_di_personaggi_di_One_Piece","Marina","https://onepiece.fandom.com/it/wiki/Marina","Shepherd"
"1649601439-107","https://onepiece.fandom.com/it/wiki/Lista_di_personaggi_di_One_Piece","Marina","https://onepiece.fandom.com/it/wiki/Marina","Tashigi"
"1649601462-418","https://onepiece.fandom.com/it/wiki/Lista_di_personaggi_di_One_Piece","Pirati di Big Mom","https://onepiece.fandom.com/it/wiki/Pirati_di_Big_Mom","Charlotte Citron"
"1649601462-477","https://onepiece.fandom.com/it/wiki/Lista_di_personaggi_di_One_Piece","Pirati di Big Mom","https://onepiece.fandom.com/it/wiki/Pirati_di_Big_Mom","Prometheus"
"1649601459-318","https://onepiece.fandom.com/it/wiki/Lista_di_personaggi_di_One_Piece","Pirati delle cento bestie","https://onepiece.fandom.com/it/wiki/Pirati_delle_cento_bestie","Kaido"
"1649601462-429","https://onepiece.fandom.com/it/wiki/Lista_di_personaggi_di_One_Piece","Pirati di Big Mom","https://onepiece.fandom.com/it/wiki/Pirati_di_Big_Mom","Charlotte High-Fat"
"1649601462-451","https://onepiece.fandom.com/it/wiki/Lista_di_personaggi_di_One_Piece","Pirati di Big Mom","https://onepiece.fandom.com/it/wiki/Pirati_di_Big_Mom","Charlotte Joscarpone"
"1649601484-557","https://onepiece.fandom.com/it/wiki/Lista_di_personaggi_di_One_Piece","Nove foderi rossi","https://onepiece.fandom.com/it/wiki/Nove_foderi_rossi","Kikunojo"
"1649601459-322","https://onepiece.fandom.com/it/wiki/Lista_di_personaggi_di_One_Piece","Pirati delle cento bestie","https://onepiece.fandom.com/it/wiki/Pirati_delle_cento_bestie","Black Maria"
"1649601441-204","https://onepiece.fandom.com/it/wiki/Lista_di_personaggi_di_One_Piece","CP9","https://onepiece.fandom.com/it/wiki/CP9","Kumadori"
"1649601468-492","https://onepiece.fandom.com/it/wiki/Lista_di_personaggi_di_One_Piece","Pirati Tontatta","https://onepiece.fandom.com/it/wiki/Pirati_Tontatta","Bomba"
"1649601462-464","https://onepiece.fandom.com/it/wiki/Lista_di_personaggi_di_One_Piece","Pirati di Big Mom","https://onepiece.fandom.com/it/wiki/Pirati_di_Big_Mom","Charlotte Pudding"
"1649601459-352","https://onepiece.fandom.com/it/wiki/Lista_di_personaggi_di_One_Piece","Pirati delle cento bestie","https://onepiece.fandom.com/it/wiki/Pirati_delle_cento_bestie","Kunyun"
"1649601456-317","https://onepiece.fandom.com/it/wiki/Lista_di_personaggi_di_One_Piece","Pirati del Rosso","https://onepiece.fandom.com/it/wiki/Pirati_del_Rosso","Rockstar"
"1649601431-45","https://onepiece.fandom.com/it/wiki/Lista_di_personaggi_di_One_Piece","Germa 66","https://onepiece.fandom.com/it/wiki/Germa_66","Vinsmoke Reiju"
"1649601462-476","https://onepiece.fandom.com/it/wiki/Lista_di_personaggi_di_One_Piece","Pirati di Big Mom","https://onepiece.fandom.com/it/wiki/Pirati_di_Big_Mom","Napoleon"
"1649601459-362","https://onepiece.fandom.com/it/wiki/Lista_di_personaggi_di_One_Piece","Pirati delle cento bestie","https://onepiece.fandom.com/it/wiki/Pirati_delle_cento_bestie","Rabbitman"
"1649601439-121","https://onepiece.fandom.com/it/wiki/Lista_di_personaggi_di_One_Piece","Marina","https://onepiece.fandom.com/it/wiki/Marina","Sengoku"
"1649601439-153","https://onepiece.fandom.com/it/wiki/Lista_di_personaggi_di_One_Piece","Marina","https://onepiece.fandom.com/it/wiki/Marina","Nelson"
"1649601488-572","https://onepiece.fandom.com/it/wiki/Lista_di_personaggi_di_One_Piece","Pirati di Cappello di paglia","https://onepiece.fandom.com/it/wiki/Pirati_di_Cappello_di_paglia","Roronoa Zoro"
"1649601459-388","https://onepiece.fandom.com/it/wiki/Lista_di_personaggi_di_One_Piece","Pirati delle cento bestie","https://onepiece.fandom.com/it/wiki/Pirati_delle_cento_bestie","Hihimaru"
"1649601439-162","https://onepiece.fandom.com/it/wiki/Lista_di_personaggi_di_One_Piece","Marina","https://onepiece.fandom.com/it/wiki/Marina","Drake"
"1649601459-378","https://onepiece.fandom.com/it/wiki/Lista_di_personaggi_di_One_Piece","Pirati delle cento bestie","https://onepiece.fandom.com/it/wiki/Pirati_delle_cento_bestie","Fujin"
"1649601447-251","https://onepiece.fandom.com/it/wiki/Lista_di_personaggi_di_One_Piece","Pirati del Sole","https://onepiece.fandom.com/it/wiki/Pirati_del_Sole","Pisaro"
"1649601439-197","https://onepiece.fandom.com/it/wiki/Lista_di_personaggi_di_One_Piece","Marina","https://onepiece.fandom.com/it/wiki/Marina","Marley"
"1649601452-288","https://onepiece.fandom.com/it/wiki/Lista_di_personaggi_di_One_Piece","Piratesse Kuja","https://onepiece.fandom.com/it/wiki/Piratesse_Kuja","Margaret"
"1649601450-257","https://onepiece.fandom.com/it/wiki/Lista_di_personaggi_di_One_Piece","Pirati di Thriller Bark","https://onepiece.fandom.com/it/wiki/Pirati_di_Thriller_Bark","Absalom"
"1649601462-419","https://onepiece.fandom.com/it/wiki/Lista_di_personaggi_di_One_Piece","Pirati di Big Mom","https://onepiece.fandom.com/it/wiki/Pirati_di_Big_Mom","Charlotte Cinnamon"
"1649601439-100","https://onepiece.fandom.com/it/wiki/Lista_di_personaggi_di_One_Piece","Marina","https://onepiece.fandom.com/it/wiki/Marina","Yarisugi"
"1649601439-75","https://onepiece.fandom.com/it/wiki/Lista_di_personaggi_di_One_Piece","Marina","https://onepiece.fandom.com/it/wiki/Marina","Doberman"
"1649601459-323","https://onepiece.fandom.com/it/wiki/Lista_di_personaggi_di_One_Piece","Pirati delle cento bestie","https://onepiece.fandom.com/it/wiki/Pirati_delle_cento_bestie","Page One"
"1649601439-126","https://onepiece.fandom.com/it/wiki/Lista_di_personaggi_di_One_Piece","Marina","https://onepiece.fandom.com/it/wiki/Marina","Mashikaku"
"1649601445-226","https://onepiece.fandom.com/it/wiki/Lista_di_personaggi_di_One_Piece","Armata rivoluzionaria","https://onepiece.fandom.com/it/wiki/Armata_rivoluzionaria","Monkey D. Dragon"
"1649601454-291","https://onepiece.fandom.com/it/wiki/Lista_di_personaggi_di_One_Piece","Pirati di Barbanera","https://onepiece.fandom.com/it/wiki/Pirati_di_Barbanera","Marshall D. Teach"
"1649601439-124","https://onepiece.fandom.com/it/wiki/Lista_di_personaggi_di_One_Piece","Marina","https://onepiece.fandom.com/it/wiki/Marina","Candré"
"1649601454-293","https://onepiece.fandom.com/it/wiki/Lista_di_personaggi_di_One_Piece","Pirati di Barbanera","https://onepiece.fandom.com/it/wiki/Pirati_di_Barbanera","Shiryu"
"1649601459-332","https://onepiece.fandom.com/it/wiki/Lista_di_personaggi_di_One_Piece","Pirati delle cento bestie","https://onepiece.fandom.com/it/wiki/Pirati_delle_cento_bestie","Daifugo"
"1649601431-44","https://onepiece.fandom.com/it/wiki/Lista_di_personaggi_di_One_Piece","Germa 66","https://onepiece.fandom.com/it/wiki/Germa_66","Vinsmoke Judge"
"1649601468-507","https://onepiece.fandom.com/it/wiki/Lista_di_personaggi_di_One_Piece","Pirati Tontatta","https://onepiece.fandom.com/it/wiki/Pirati_Tontatta","Nubon"
"1649601439-88","https://onepiece.fandom.com/it/wiki/Lista_di_personaggi_di_One_Piece","Marina","https://onepiece.fandom.com/it/wiki/Marina","Gion"
"1649601462-415","https://onepiece.fandom.com/it/wiki/Lista_di_personaggi_di_One_Piece","Pirati di Big Mom","https://onepiece.fandom.com/it/wiki/Pirati_di_Big_Mom","Charlotte Nusstorte"
"1649601439-112","https://onepiece.fandom.com/it/wiki/Lista_di_personaggi_di_One_Piece","Marina","https://onepiece.fandom.com/it/wiki/Marina","Donquijote Rosinante"
"1649601462-434","https://onepiece.fandom.com/it/wiki/Lista_di_personaggi_di_One_Piece","Pirati di Big Mom","https://onepiece.fandom.com/it/wiki/Pirati_di_Big_Mom","Charlotte Laura"
"1649601459-326","https://onepiece.fandom.com/it/wiki/Lista_di_personaggi_di_One_Piece","Pirati delle cento bestie","https://onepiece.fandom.com/it/wiki/Pirati_delle_cento_bestie","Who's Who"
"1649601459-330","https://onepiece.fandom.com/it/wiki/Lista_di_personaggi_di_One_Piece","Pirati delle cento bestie","https://onepiece.fandom.com/it/wiki/Pirati_delle_cento_bestie","Basil Hawkins"
"1649601441-209","https://onepiece.fandom.com/it/wiki/Lista_di_personaggi_di_One_Piece","CP9","https://onepiece.fandom.com/it/wiki/CP9","Who's Who"
"1649601462-461","https://onepiece.fandom.com/it/wiki/Lista_di_personaggi_di_One_Piece","Pirati di Big Mom","https://onepiece.fandom.com/it/wiki/Pirati_di_Big_Mom","Charlotte Allmeg"
"1649601441-203","https://onepiece.fandom.com/it/wiki/Lista_di_personaggi_di_One_Piece","CP9","https://onepiece.fandom.com/it/wiki/CP9","Blueno"
"1649601462-450","https://onepiece.fandom.com/it/wiki/Lista_di_personaggi_di_One_Piece","Pirati di Big Mom","https://onepiece.fandom.com/it/wiki/Pirati_di_Big_Mom","Charlotte Raisin"
"1649601454-297","https://onepiece.fandom.com/it/wiki/Lista_di_personaggi_di_One_Piece","Pirati di Barbanera","https://onepiece.fandom.com/it/wiki/Pirati_di_Barbanera","Katarina Devon"
"1649601459-335","https://onepiece.fandom.com/it/wiki/Lista_di_personaggi_di_One_Piece","Pirati delle cento bestie","https://onepiece.fandom.com/it/wiki/Pirati_delle_cento_bestie","Ginrummy"
"1649601488-578","https://onepiece.fandom.com/it/wiki/Lista_di_personaggi_di_One_Piece","Pirati di Cappello di paglia","https://onepiece.fandom.com/it/wiki/Pirati_di_Cappello_di_paglia","Franky"
"1649601462-409","https://onepiece.fandom.com/it/wiki/Lista_di_personaggi_di_One_Piece","Pirati di Big Mom","https://onepiece.fandom.com/it/wiki/Pirati_di_Big_Mom","Charlotte Broyé"
"1649601462-421","https://onepiece.fandom.com/it/wiki/Lista_di_personaggi_di_One_Piece","Pirati di Big Mom","https://onepiece.fandom.com/it/wiki/Pirati_di_Big_Mom","Charlotte Moscato"
"1649601479-523","https://onepiece.fandom.com/it/wiki/Lista_di_personaggi_di_One_Piece","Pirati di Kidd","https://onepiece.fandom.com/it/wiki/Pirati_di_Kidd","Killer"
"1649601443-218","https://onepiece.fandom.com/it/wiki/Lista_di_personaggi_di_One_Piece","Nobili mondiali","https://onepiece.fandom.com/it/wiki/Nobili_mondiali","Donquijote Myosgard"
"1649601462-448","https://onepiece.fandom.com/it/wiki/Lista_di_personaggi_di_One_Piece","Pirati di Big Mom","https://onepiece.fandom.com/it/wiki/Pirati_di_Big_Mom","Charlotte Mobile"
"1649601439-114","https://onepiece.fandom.com/it/wiki/Lista_di_personaggi_di_One_Piece","Marina","https://onepiece.fandom.com/it/wiki/Marina","Fullbody"
"1649601450-272","https://onepiece.fandom.com/it/wiki/Lista_di_personaggi_di_One_Piece","Pirati di Thriller Bark","https://onepiece.fandom.com/it/wiki/Pirati_di_Thriller_Bark","Cerbero"
"1649601462-430","https://onepiece.fandom.com/it/wiki/Lista_di_personaggi_di_One_Piece","Pirati di Big Mom","https://onepiece.fandom.com/it/wiki/Pirati_di_Big_Mom","Charlotte Tablet"
"1649601481-534","https://onepiece.fandom.com/it/wiki/Lista_di_personaggi_di_One_Piece","Abitanti di Zo","https://onepiece.fandom.com/it/wiki/Zo","Gatto-vipera"
"1649601452-282","https://onepiece.fandom.com/it/wiki/Lista_di_personaggi_di_One_Piece","Piratesse Kuja","https://onepiece.fandom.com/it/wiki/Piratesse_Kuja","Ran"
"1649601488-574","https://onepiece.fandom.com/it/wiki/Lista_di_personaggi_di_One_Piece","Pirati di Cappello di paglia","https://onepiece.fandom.com/it/wiki/Pirati_di_Cappello_di_paglia","Usop"
"1649601445-229","https://onepiece.fandom.com/it/wiki/Lista_di_personaggi_di_One_Piece","Armata rivoluzionaria","https://onepiece.fandom.com/it/wiki/Armata_rivoluzionaria","Belo Betty"
"1649601439-182","https://onepiece.fandom.com/it/wiki/Lista_di_personaggi_di_One_Piece","Marina","https://onepiece.fandom.com/it/wiki/Marina","Curve"
"1649601462-468","https://onepiece.fandom.com/it/wiki/Lista_di_personaggi_di_One_Piece","Pirati di Big Mom","https://onepiece.fandom.com/it/wiki/Pirati_di_Big_Mom","Charlotte Dolce"
"1649601481-537","https://onepiece.fandom.com/it/wiki/Lista_di_personaggi_di_One_Piece","Abitanti di Zo","https://onepiece.fandom.com/it/wiki/Zo","Keith"
